7868.25,5809470000.0,131278698369,16684612.0,16684612.0,0.65,4.93,12.14,22175.63538665,7733.66,7861.93,7864.78,7863.36
7882.29,5770940000.0,131512950321,16684612.0,16684612.0,0.63,5.16,12.45,21882.81297939,7738.11,7860.87,7863.44,7862.16
7818.67,5727420000.0,130451475306,16684612.0,16684612.0,-0.45,4.33,11.65,21892.19169540,7740.17,7805.79,7809.0,7807.4
7844.93,5708170000.0,130889613217,16684612.0,16684612.0,-0.32,4.7,12.08,21870.92770436,7741.12,7831.4,7834.85,7833.13
7843.18,5699190000.0,130860415146,16684612.0,16684612.0,-0.63,4.73,12.15,21861.34960050,7741.65,7840.01,7843.72,7841.87
7842.65,5690360000.0,130851572302,16684612.0,16684612.0,-0.63,4.75,12.24,21812.73201190,7742.84,7846.28,7850.35,7848.32
7906.7,5687320000.0,131920221700,16684612.0,16684612.0,0.27,5.66,13.28,21803.75274847,7743.50,7869.36,7871.41,7870.39
7873.63,5682710000.0,131368461582,16684612.0,16684612.0,0.13,5.3,12.93,21919.54256861,7744.61,7861.22,7863.68,7862.45
7866.17,5679900000.0,131243994376,16684612.0,16684612.0,0.15,5.23,12.89,21919.50873397,7745.20,7871.13,7874.0,7872.56
7916.09,5697190000.0,132076890207,16684612.0,16684612.0,0.88,5.94,13.77,21980.75244500,7746.71,7880.66,7885.47,7883.07
7779.71,5712250000.0,129801442823,16684612.0,16684612.0,-0.76,4.19,11.97,22217.24318889,7748.40,7785.25,7794.15,7789.7
7824.2,5723690000.0,130543741210,16684612.0,16684612.0,-0.43,4.81,12.78,22279.89837324,7748.83,7822.33,7827.66,7825.0
7811.48,5761340000.0,130331512946,16684612.0,16684612.0,-0.78,4.64,12.67,22321.51794424,7750.46,7817.65,7823.85,7820.75
7806.73,5752870000.0,130252261039,16684612.0,16684612.0,-0.91,4.55,12.81,22303.36771214,7751.01,7801.52,7807.84,7804.68
7852.88,5739770000.0,131022255883,16684612.0,16684612.0,-0.43,5.13,13.51,22458.80581883,7753.18,7868.53,7870.25,7869.39
7829.31,5726090000.0,130628999578,16684612.0,16684612.0,-0.64,4.8,13.27,22427.25921727,7754.24,7839.69,7841.98,7840.83
7798.77,5662320000.0,130119451527,16684612.0,16684612.0,-0.52,4.39,12.97,22523.13618469,7756.07,7789.17,7790.07,7789.62
7820.45,5548740000.0,130481173915,16684612.0,16684612.0,0.13,4.68,13.49,22436.57795527,7758.36,7811.62,7813.74,7812.68
7837.86,5599390000.0,130771653010,16684612.0,16684612.0,0.33,4.94,13.81,22371.44563490,7760.02,7847.33,7849.25,7848.29
7821.82,5574120000.0,130504031834,16684612.0,16684612.0,-0.06,4.73,13.68,22345.21587295,7761.23,7827.5,7831.99,7829.75
7819.15,5552240000.0,130459483920,16684612.0,16684612.0,-0.17,4.71,13.75,22348.02020928,7761.99,7836.34,7839.31,7837.82
7829.25,5539890000.0,130627998501,16684612.0,16684612.0,-0.0,4.83,14.06,22324.37315537,7762.92,7834.71,7835.72,7835.22
7844.02,5524900000.0,130874430220,16684612.0,16684612.0,0.16,5.04,14.43,22296.96055885,7763.97,7849.4,7851.54,7850.47
7904.97,5533310000.0,131891357322,16684612.0,16684612.0,1.01,5.88,15.4,22239.66081118,7768.38,7905.61,7908.82,7907.22
7898.74,5522630000.0,131787412189,16684612.0,16684612.0,0.94,5.79,15.53,22051.67041004,7772.40,7917.55,7918.56,7918.06
7912.1,5531100000.0,132010318605,16684612.0,16684612.0,1.06,5.97,15.85,22090.07892707,7773.82,7922.89,7926.7,7924.8
7893.01,5515640000.0,131691809362,16684612.0,16684612.0,0.78,5.67,15.76,22054.53505302,7774.89,7911.41,7914.96,7913.18
7900.93,5513010000.0,131823951489,16684612.0,16684612.0,0.88,5.73,16.08,22109.46328022,7776.10,7912.68,7915.3,7913.99
7917.73,5510650000.0,132104252971,16684612.0,16684612.0,0.74,5.9,16.45,22151.99880607,7777.58,7923.19,7924.34,7923.76
7945.25,5525500000.0,132563413493,16684612.0,16684612.0,1.02,6.27,16.9,22390.10569507,7779.98,7965.64,7967.04,7966.34
7960.41,5555260000.0,132816352211,16684612.0,16684612.0,0.93,6.43,17.21,22451.24613300,7781.00,7959.08,7964.34,7961.71
7965.85,5556570000.0,132907116500,16684612.0,16684612.0,0.71,6.43,17.43,22490.91647121,7782.01,7978.99,7979.75,7979.37
7928.1,5553400000.0,132277272397,16684612.0,16684612.0,0.16,5.87,16.97,22488.53847311,7783.82,7905.52,7913.73,7909.62
7923.82,5543310000.0,132205862258,16684612.0,16684612.0,0.15,5.61,17.05,22592.87982456,7785.16,7909.53,7916.75,7913.14
7883.89,5539370000.0,131539645701,16684612.0,16684612.0,-0.37,5.07,16.46,22804.72527655,7786.52,7880.62,7883.33,7881.98
7911.01,5545720000.0,131992132378,16684612.0,16684612.0,-0.33,5.24,16.95,22825.08837633,7787.55,7906.69,7910.78,7908.74
7892.76,5555670000.0,131687638209,16684612.0,16684612.0,-0.8,4.85,16.83,22849.46423902,7788.52,7874.79,7878.0,7876.4
7896.23,5548980000.0,131745533813,16684612.0,16684612.0,-0.8,4.71,16.97,22841.45225947,7789.46,7868.72,7869.66,7869.19
7883.55,5536030000.0,131533972933,16684612.0,16684612.0,-0.99,4.54,16.78,22874.00446045,7790.33,7876.23,7877.5,7876.87
7871.46,5536030000.0,131332255974,16684612.0,16684612.0,-0.76,4.1,16.75,22879.86517558,7790.96,7867.32,7870.65,7868.99
7844.48,5546420000.0,130882105142,16684612.0,16684612.0,-0.85,3.54,16.4,23163.79283556,7792.13,7804.71,7807.4,7806.06
7838.61,5526300000.0,130784166469,16684612.0,16684612.0,-0.89,3.24,16.4,23138.44522124,7793.18,7815.36,7820.05,7817.71
7849.63,5443400000.0,130968030894,16684612.0,16684612.0,-0.63,3.14,16.62,22255.92916239,7803.30,7824.67,7828.23,7826.45
7838.08,5382390000.0,130775323625,16684612.0,16684612.0,-0.71,2.82,16.52,21625.90694796,7807.27,7840.0,7841.36,7840.68
7836.4,5361650000.0,130747293477,16684612.0,16684612.0,-0.66,2.73,16.52,21436.62750424,7808.77,7806.6,7808.0,7807.3
7837.23,5298200000.0,130761141705,16684612.0,16684612.0,-0.45,2.49,16.63,21285.75063574,7810.24,7813.28,7816.05,7814.67
7857.27,5299580000.0,131095501329,16684612.0,16684612.0,0.05,2.55,16.98,21096.33102232,7811.25,7846.36,7850.44,7848.4
7865.36,5234520000.0,131230479840,16684612.0,16684612.0,0.25,2.55,17.14,20866.48415526,7812.08,7850.62,7852.73,7851.67
7870.46,5214540000.0,131315571362,16684612.0,16684612.0,0.44,2.34,17.3,20443.47173611,7813.66,7857.25,7860.96,7859.11
7868.15,5182880000.0,131277029908,16684612.0,16684612.0,0.41,2.22,17.29,20295.01933996,7814.36,7819.46,7821.11,7820.28
7843.54,5149080000.0,130866421606,16684612.0,16684612.0,0.09,1.74,16.95,20162.16669123,7814.63,7825.72,7827.66,7826.69
7850.96,5096290000.0,130990221428,16684612.0,16684612.0,0.12,1.67,17.06,19755.07577544,7815.09,7835.95,7837.71,7836.83
7857.05,5089620000.0,131091830715,16684612.0,16684612.0,0.08,1.65,17.15,19740.06526260,7815.55,7844.35,7848.31,7846.33
7839.6,5062020000.0,130800684235,16684612.0,16684612.0,-0.24,1.35,16.92,19691.29830502,7815.75,7814.51,7816.67,7815.59
7843.41,5038010000.0,130864252607,16684612.0,16684612.0,-0.27,1.37,16.98,19432.32083430,7817.26,7792.47,7793.32,7792.9
7797.16,5004440000.0,130092589302,16684612.0,16684612.0,-0.83,0.73,16.29,19401.07884650,7817.52,7781.18,7785.18,7783.18
7810.84,4997550000.0,130320834794,16684612.0,16684612.0,-0.55,0.84,16.49,19402.28106032,7817.59,7783.99,7787.08,7785.54
7842.06,4944310000.0,130841728381,16684612.0,16684612.0,-0.12,1.22,16.93,19350.80069384,7817.78,7817.03,7819.53,7818.28
7828.16,4997760000.0,130609812274,16684612.0,16684612.0,-0.27,0.97,16.75,19322.39923865,7817.97,7796.9,7798.62,7797.76
7796.58,4987120000.0,130082912227,16684612.0,16684612.0,-0.67,0.51,16.26,19310.29344571,7818.15,7773.82,7777.61,7775.72
7749.43,4966970000.0,129296232771,16684612.0,16684612.0,-0.92,-0.35,15.6,19587.95530080,7816.58,7695.25,7699.26,7697.25
7725.96,4978250000.0,128904644928,16684612.0,16684612.0,-1.19,-0.76,15.25,19749.18342012,7815.40,7698.21,7703.36,7700.79
7745.72,5004390000.0,129234332861,16684612.0,16684612.0,-1.03,-0.58,15.54,19577.95202714,7815.93,7709.16,7710.28,7709.72
7733.9,5001530000.0,129037120747,16684612.0,16684612.0,-1.1,-0.75,15.37,19541.03069956,7815.94,7703.47,7707.3,7705.39
7742.92,4654780000.0,129187615947,16684612.0,16684612.0,-0.72,-1.77,15.81,17730.53158135,7797.75,7699.96,7701.18,7700.57
7697.21,4643690000.0,128424962333,16684612.0,16684612.0,-0.98,-2.46,15.15,17596.57091541,7796.65,7663.49,7665.02,7664.26
7665.91,4637830000.0,127902733977,16684612.0,16684612.0,-1.27,-2.95,14.69,17490.87686331,7794.63,7643.42,7644.82,7644.12
7676.75,4601690000.0,128083595171,16684612.0,16684612.0,-0.98,-2.87,14.83,17454.07457958,7793.31,7634.23,7635.32,7634.78
7599.79,4620880000.0,126799547431,16684612.0,16684612.0,-2.0,-3.89,13.66,17529.63186011,7791.56,7622.03,7625.91,7623.97
7577.34,4647710000.0,126424977892,16684612.0,16684612.0,-2.31,-4.18,13.29,17552.30451984,7787.39,7557.44,7559.54,7558.49
7655.61,4635920000.0,127730882473,16684612.0,16684612.0,-1.07,-3.17,14.44,17474.25819934,7785.86,7635.59,7639.86,7637.73
7632.11,4655610000.0,127338794091,16684612.0,16684612.0,-1.15,-3.47,14.06,17463.76449485,7785.32,7608.83,7611.03,7609.93
7622.41,4667350000.0,127176953355,16684612.0,16684612.0,-0.96,-3.61,13.9,17411.50798842,7784.27,7601.22,7603.37,7602.3
7654.42,4645570000.0,127711027785,16684612.0,16684612.0,-0.15,-3.22,14.34,17234.99913203,7781.94,7636.81,7638.91,7637.86
7640.01,4645670000.0,127470602526,16684612.0,16684612.0,-0.02,-3.46,14.08,17198.34044513,7780.48,7636.59,7638.17,7637.38
7608.06,4628590000.0,126937529173,16684612.0,16684612.0,-0.3,-3.9,13.59,17105.73615201,7779.26,7603.1,7606.88,7604.99
7594.44,4617970000.0,126710284757,16684612.0,16684612.0,-0.5,-4.1,13.38,17085.50609869,7778.38,7563.6,7566.32,7564.96
7586.89,4593980000.0,126584315937,16684612.0,16684612.0,-0.58,-4.19,13.25,17099.66738498,7773.50,7508.66,7513.52,7511.09
7542.92,4601120000.0,125850693547,16684612.0,16684612.0,-1.24,-4.77,12.57,17146.33165631,7767.69,7494.03,7496.52,7495.28
7502.79,4603450000.0,125181140067,16684612.0,16684612.0,-1.93,-5.29,11.95,16904.81409760,7766.07,7497.38,7499.79,7498.59
7581.19,4584630000.0,126489213648,16684612.0,16684612.0,-0.88,-4.3,13.09,16713.51569606,7765.16,7527.52,7533.96,7530.74
7512.05,4546780000.0,125335639575,16684612.0,16684612.0,-1.83,-5.19,12.03,16596.34496640,7763.86,7483.38,7485.83,7484.61
7490.69,4551980000.0,124979256262,16684612.0,16684612.0,-1.98,-5.47,11.69,16543.32315305,7760.62,7463.34,7465.84,7464.59
7493.92,4561690000.0,125033147559,16684612.0,16684612.0,-1.33,-5.39,11.68,16519.73711714,7759.13,7479.78,7485.91,7482.84
7484.32,4598190000.0,124872975284,16684612.0,16684612.0,-1.15,-5.48,11.48,16531.75301230,7756.52,7462.43,7464.91,7463.67
7520.31,4612980000.0,125473454470,16684612.0,16684612.0,-0.35,-5.01,11.93,16522.15921778,7753.97,7469.48,7473.18,7471.33
7568.77,4669000000.0,126281990767,16684612.0,16684612.0,0.46,-4.37,12.63,16609.80371484,7751.74,7527.51,7530.12,7528.82
7613.97,4672650000.0,127036135230,16684612.0,16684612.0,1.06,-3.81,13.28,16532.49622525,7750.16,7600.46,7604.28,7602.37
7601.4,4720000000.0,126826409657,16684612.0,16684612.0,1.16,-3.96,13.04,16460.86271334,7748.37,7624.82,7626.75,7625.79
7606.37,4756020000.0,126909332178,16684612.0,16684612.0,1.58,-3.93,13.09,16337.94020176,7745.91,7605.64,7609.62,7607.63
7643.24,4751580000.0,127524493823,16684612.0,16684612.0,2.03,-3.49,13.61,16263.58173217,7744.74,7618.38,7621.98,7620.18
7563.91,4740540000.0,126200903553,16684612.0,16684612.0,0.64,-4.48,12.41,16175.31628115,7743.18,7562.85,7568.01,7565.43
7597.95,4738360000.0,126768847745,16684612.0,16684612.0,0.9,-4.05,12.91,16146.66271987,7742.12,7534.41,7543.65,7539.03
7623.97,4726560000.0,127202981350,16684612.0,16684612.0,0.7,-3.74,13.29,16024.27463725,7740.58,7569.54,7573.39,7571.47
7606.05,4741870000.0,126903993103,16684612.0,16684612.0,-0.19,-4.0,13.02,15998.01044230,7739.32,7584.41,7590.67,7587.54
7665.91,4765190000.0,127902733977,16684612.0,16684612.0,0.21,-3.25,13.93,15975.38035886,7738.52,7659.19,7660.08,7659.64
7649.72,4790950000.0,127632610109,16684612.0,16684612.0,0.26,-3.44,13.71,16125.28587666,7737.16,7654.57,7659.6,7657.09
7737.84,4796440000.0,129102858118,16684612.0,16684612.0,1.42,-2.32,15.01,16212.11010154,7736.50,7688.4,7690.61,7689.51
7750.2,4826140000.0,129309079922,16684612.0,16684612.0,1.86,-2.13,15.23,16311.75588466,7736.22,7696.86,7702.69,7699.78
7707.05,4834300000.0,128589138915,16684612.0,16684612.0,1.5,-2.64,14.62,16290.27580765,7735.69,7671.08,7673.0,7672.04
7703.56,4833140000.0,128530909619,16684612.0,16684612.0,1.11,-2.62,14.59,16210.24474605,7735.01,7685.42,7688.96,7687.19
7705.78,4812480000.0,128567949457,16684612.0,16684612.0,0.87,-2.56,14.62,16210.40659179,7734.73,7677.54,7679.96,7678.75
7691.01,4806930000.0,128321517738,16684612.0,16684612.0,0.44,-2.71,14.43,16201.19048521,7734.42,7700.99,7703.02,7702.01
7693.47,4812620000.0,128362561884,16684612.0,16684612.0,0.02,-2.59,14.49,15933.30213012,7730.62,7671.0,7676.0,7673.5
7708.16,4817390000.0,128607658834,16684612.0,16684612.0,0.08,-2.33,14.73,15899.84485832,7730.15,7694.36,7701.15,7697.75
7702.03,4812410000.0,128505382162,16684612.0,16684612.0,-0.17,-2.29,14.68,15872.42703265,7729.74,7684.81,7690.72,7687.77
7630.79,4819010000.0,127316770403,16684612.0,16684612.0,-0.94,-3.1,13.68,15844.49882901,7729.10,7627.53,7630.64,7629.09
7641.56,4811500000.0,127496463675,16684612.0,16684612.0,-0.74,-2.89,13.87,15840.24953161,7728.54,7607.94,7612.87,7610.41
7659.16,4814210000.0,127790112846,16684612.0,16684612.0,-0.51,-2.39,14.18,15808.97278284,7728.06,7624.23,7627.41,7625.82
7671.03,4829610000.0,127988159190,16684612.0,16684612.0,-0.37,-2.08,14.42,15770.13364586,7727.57,7669.64,7672.12,7670.88
7669.4,4836610000.0,127960963273,16684612.0,16684612.0,-0.52,-2.01,14.46,15740.41805059,7726.76,7653.43,7657.5,7655.47
7614.54,4811690000.0,127045645458,16684612.0,16684612.0,-0.98,-2.6,13.71,15741.80633203,7726.03,7601.2,7607.06,7604.13
7635.35,4803920000.0,127392852234,16684612.0,16684612.0,-0.56,-2.28,14.06,15732.50336158,7725.46,7609.63,7612.51,7611.07
7622.64,4753850000.0,127180790816,16684612.0,16684612.0,-0.56,-2.31,13.98,15454.24610774,7724.24,7600.12,7606.62,7603.37
7674.42,4722270000.0,128044720025,16684612.0,16684612.0,0.32,-1.48,14.8,15271.69623705,7723.51,7648.86,7651.29,7650.08
7673.91,4693470000.0,128036210873,16684612.0,16684612.0,0.13,-1.42,14.95,15096.00398442,7723.33,7644.35,7648.93,7646.64
7691.68,4594210000.0,128332696428,16684612.0,16684612.0,0.31,-1.11,15.28,14365.15156105,7728.13,7653.43,7658.46,7655.95
7700.46,4563280000.0,128479187322,16684612.0,16684612.0,0.56,-0.98,15.49,14054.02817891,7730.30,7691.63,7698.16,7694.9
7708.84,4499270000.0,128619004370,16684612.0,16684612.0,0.91,-0.73,15.69,13442.08371837,7737.70,7709.1,7711.76,7710.43
7711.2,4408360000.0,128658380054,16684612.0,16684612.0,0.96,-0.6,15.8,13085.71949099,7741.83,7691.25,7695.12,7693.18
7741.88,4364460000.0,129170263951,16684612.0,16684612.0,1.22,-0.1,16.36,13068.01363963,7742.90,7743.61,7748.44,7746.02
7792.29,4348200000.0,130011335241,16684612.0,16684612.0,1.66,0.62,17.18,12875.78619849,7743.66,7765.96,7768.09,7767.03
7805.45,4345870000.0,130230904735,16684612.0,16684612.0,1.83,0.77,17.42,12966.31573272,7745.11,7780.97,7784.95,7782.96
7781.87,4334160000.0,129837481584,16684612.0,16684612.0,1.31,0.52,17.14,12863.00956876,7745.94,7792.66,7795.34,7794.0
7770.37,4327470000.0,129645608546,16684612.0,16684612.0,0.91,0.35,17.05,12643.90980348,7746.52,7758.13,7760.47,7759.3
7755.46,4298310000.0,129396840982,16684612.0,16684612.0,0.6,0.12,16.89,12584.48360025,7746.58,7737.31,7739.23,7738.27
7772.15,4265870000.0,129675307156,16684612.0,16684612.0,0.38,0.21,17.28,12309.41266587,7745.35,7750.51,7752.79,7751.65
7769.57,4243180000.0,129632260857,16684612.0,16684612.0,0.18,0.02,17.31,12292.62947592,7745.34,7748.25,7751.7,7749.98
7789.42,4236350000.0,129963450405,16684612.0,16684612.0,0.13,0.15,17.65,12138.48981884,7746.00,7772.13,7776.82,7774.48
7800.07,4231890000.0,130141141523,16684612.0,16684612.0,0.18,0.1,17.9,12116.31704191,7746.07,7783.84,7785.24,7784.54
7787.75,4232330000.0,129935587103,16684612.0,16684612.0,0.13,-0.16,17.77,12090.03750613,7746.13,7774.45,7779.66,7777.06
7784.21,4225960000.0,129876523577,16684612.0,16684612.0,0.14,-0.33,17.85,11961.61730891,7746.01,7765.17,7766.94,7766.06
7777.45,4222270000.0,129763735599,16684612.0,16684612.0,0.14,-0.48,17.8,11946.38456642,7745.99,7762.47,7764.86,7763.67
7752.65,4226380000.0,129349957222,16684612.0,16684612.0,-0.17,-0.88,17.5,11969.85513762,7745.96,7735.53,7737.14,7736.34
7734.06,4220300000.0,129039790285,16684612.0,16684612.0,-0.54,-1.16,17.29,11881.45033454,7745.61,7711.69,7717.41,7714.55
7737.41,4209590000.0,129095683735,16684612.0,16684612.0,-0.66,-1.2,17.43,11839.23035898,7745.23,7700.67,7706.81,7703.74
7750.05,4185120000.0,129306577231,16684612.0,16684612.0,-0.53,-1.04,17.73,11697.70608886,7744.31,7731.35,7733.18,7732.27
7755.95,4188590000.0,129405016441,16684612.0,16684612.0,-0.45,-0.99,17.84,11704.53889845,7744.26,7738.4,7745.31,7741.86
7745.93,4178730000.0,129237836629,16684612.0,16684612.0,-0.42,-1.21,17.77,11668.84910763,7742.38,7701.4,7703.18,7702.29
7726.07,4149650000.0,128906480235,16684612.0,16684612.0,-0.48,-1.54,17.6,11582.81392367,7741.13,7721.44,7722.53,7721.99
7720.73,4148500000.0,128817384407,16684612.0,16684612.0,-0.42,-1.71,17.59,11541.91565654,7740.68,7718.8,7720.83,7719.82
7726.31,4134710000.0,128910484542,16684612.0,16684612.0,-0.2,-1.61,17.79,11509.18420666,7740.25,7706.07,7707.39,7706.73
7717.68,4133340000.0,128766496340,16684612.0,16684612.0,-0.33,-1.75,17.68,11498.25015593,7739.96,7707.6,7711.62,7709.61
7759.05,4118340000.0,129456738739,16684612.0,16684612.0,0.18,-1.22,18.4,11446.14641012,7739.39,7753.45,7755.4,7754.42
7757.23,4119620000.0,129426372745,16684612.0,16684612.0,0.15,-1.25,18.48,11466.21117328,7739.22,7759.66,7762.86,7761.26
7765.74,4146050000.0,129568358793,16684612.0,16684612.0,0.28,-1.15,18.65,11560.82904971,7739.58,7764.71,7768.46,7766.59
7771.1,4140560000.0,129657788313,16684612.0,16684612.0,0.47,-1.08,18.82,11579.93593139,7739.37,7761.29,7766.04,7763.67
7754.0,4130740000.0,129372481448,16684612.0,16684612.0,0.32,-1.24,18.68,11575.35374943,7738.85,7743.59,7745.29,7744.44
7751.1,4123370000.0,129324096073,16684612.0,16684612.0,0.22,-1.24,18.72,11516.36089538,7737.45,7698.06,7699.4,7698.73
7732.54,4117810000.0,129014429674,16684612.0,16684612.0,-0.06,-1.44,18.52,11464.41498887,7735.78,7694.31,7695.67,7694.99
7740.03,4107430000.0,129139397418,16684612.0,16684612.0,-0.13,-1.31,18.78,11278.13040329,7733.51,7723.98,7726.19,7725.08
7730.2,4053130000.0,128975387682,16684612.0,16684612.0,-0.48,-1.4,18.73,11168.32737037,7733.01,7709.83,7711.78,7710.81
7764.33,4021050000.0,129544833490,16684612.0,16684612.0,-0.09,-0.95,19.38,11060.12286171,7731.74,7738.14,7740.46,7739.3
7743.29,4015730000.0,129193789253,16684612.0,16684612.0,-0.27,-1.23,19.13,11016.09823083,7731.36,7736.64,7738.63,7737.64
7719.67,4006220000.0,128803365561,16685087.0,16685087.0,-0.46,-1.55,18.82,11060.34169920,7731.13,7702.71,7708.1,7705.41
7720.73,3997600000.0,128821051754,16685087.0,16685087.0,-0.24,-1.58,18.94,10870.93225159,7728.06,7701.99,7702.91,7702.45
7684.39,3993400000.0,128224613186,16686375.0,16686375.0,-0.59,-2.11,18.48,10958.35933276,7726.78,7655.74,7658.08,7656.91
7698.6,3986860000.0,128461726575,16686375.0,16686375.0,-0.36,-1.93,18.7,10848.84743015,7725.02,7657.2,7661.25,7659.23
7678.57,3989940000.0,128129034198,16686575.0,16686575.0,-0.73,-2.2,18.51,10869.32478969,7724.21,7663.31,7666.38,7664.85
7677.0,4004460000.0,128102836275,16686575.0,16686575.0,-0.79,-2.26,18.59,10864.48317684,7723.55,7660.26,7664.54,7662.4
7680.12,4002310000.0,128155090392,16686600.0,16686600.0,-0.72,-2.27,18.71,10876.04054205,7723.15,7657.79,7659.65,7658.72
7699.63,4007910000.0,128480645958,16686600.0,16686600.0,-0.35,-2.11,19.09,10841.01035604,7722.51,7693.46,7696.25,7694.86
7699.73,4031500000.0,128482599508,16686637.0,16686637.0,-0.01,-2.25,19.21,10819.56367866,7722.14,7686.98,7691.7,7689.34
7717.48,4037180000.0,128778787315,16686637.0,16686637.0,0.26,-2.07,19.58,10795.25265166,7721.15,7698.47,7702.81,7700.64
7721.94,4026570000.0,128853209716,16686637.0,16686637.0,0.41,-2.08,19.75,10671.21989759,7717.97,7701.94,7706.4,7704.17
7728.46,4017130000.0,128962300270,16686675.0,16686675.0,0.58,-2.02,19.92,10579.68433560,7715.31,7693.22,7695.24,7694.23
7704.53,3996250000.0,128562988138,16686675.0,16686675.0,0.2,-2.36,19.59,10563.39856690,7714.58,7687.99,7692.44,7690.22
7693.56,3997520000.0,128380319991,16686725.0,16686725.0,0.03,-2.58,19.54,10508.17152232,7712.42,7663.04,7665.15,7664.1
7678.29,3995580000.0,128125513700,16686725.0,16686725.0,-0.2,-2.77,19.3,10500.39419380,7711.16,7654.25,7657.72,7655.99
7676.12,3992160000.0,128089303507,16686725.0,16686725.0,-0.44,-2.85,19.34,10343.98036781,7706.59,7654.25,7661.56,7657.91
7705.07,3988870000.0,128572384196,16686725.0,16686725.0,-0.18,-2.49,19.86,10203.43292851,7701.64,7680.54,7681.6,7681.07
7692.28,3983900000.0,128359245597,16686762.0,16686762.0,-0.36,-2.68,19.76,10173.60746134,7700.28,7687.92,7689.27,7688.6
7688.4,3978790000.0,128294500961,16686762.0,16686762.0,-0.42,-2.73,19.73,10123.65369884,7698.30,7659.81,7662.26,7661.04
7706.93,3960280000.0,128603706661,16686762.0,16686762.0,0.07,-2.5,20.05,10052.32102818,7696.11,7688.19,7692.08,7690.14
7678.91,3973100000.0,128136143589,16686762.0,16686762.0,-0.16,-2.81,19.69,9779.98414645,7690.18,7679.97,7683.55,7681.76
7684.4,3952520000.0,128227753913,16686762.0,16686762.0,-0.03,-2.69,19.88,9715.94891129,7688.78,7675.19,7678.52,7676.86
7679.3,3944930000.0,128143227374,16686837.0,16686837.0,-0.21,-2.71,19.88,9672.14166194,7687.42,7663.92,7666.26,7665.09
7648.07,3936970000.0,127622097455,16686837.0,16686837.0,-0.63,-3.08,19.42,9596.75129993,7685.37,7651.94,7654.22,7653.08
7656.14,3938270000.0,127756859759,16686850.0,16686850.0,-0.57,-2.94,19.61,9586.57245486,7684.59,7654.79,7661.23,7658.01
7670.75,3938220000.0,128000654638,16686850.0,16686850.0,-0.27,-2.74,19.9,9529.08890870,7683.28,7665.81,7669.98,7667.9
7707.46,3945150000.0,128613514077,16686887.0,16686887.0,0.19,-2.23,20.53,9225.04776629,7679.11,7680.75,7682.84,7681.8
7735.0,3929970000.0,129073070945,16686887.0,16686887.0,0.53,-1.75,21.03,9184.57842557,7678.03,7699.73,7702.82,7701.28
7712.08,3934260000.0,128690800297,16686912.0,16686912.0,0.39,-1.96,20.73,9142.02962366,7677.32,7701.66,7703.47,7702.57
7765.41,3932120000.0,129580713314,16686912.0,16686912.0,1.08,-1.26,21.59,9343.37541887,7677.37,7743.84,7746.38,7745.11
7734.01,3956710000.0,129056744277,16686912.0,16686912.0,0.76,-1.64,21.15,9326.68692324,7676.66,7720.67,7724.28,7722.48
7749.06,3951500000.0,129308076029,16686937.0,16686937.0,0.94,-1.4,21.44,9256.42298287,7675.51,7734.59,7739.63,7737.11
7735.38,3942850000.0,129079798731,16686937.0,16686937.0,0.62,-1.5,21.24,9226.88532099,7674.75,7727.25,7728.24,7727.75
7778.52,3956510000.0,129799867656,16686962.0,16686962.0,0.96,-0.89,21.94,9218.64182020,7674.34,7749.97,7752.42,7751.2
7793.39,3962770000.0,130048002781,16686962.0,16686962.0,0.9,-0.67,22.2,9300.35949397,7674.97,7774.1,7775.84,7774.97
7791.06,3974280000.0,130009122160,16686962.0,16686962.0,0.7,-0.67,22.2,9294.40123378,7674.74,7768.38,7769.29,7768.84
7754.3,3971240000.0,129395709437,16686962.0,16686962.0,0.1,-1.08,21.66,9332.24893897,7674.65,7758.51,7763.15,7760.83
7764.39,3979080000.0,129564274993,16686987.0,16686987.0,0.17,-0.93,21.85,9319.68998099,7674.29,7759.9,7762.33,7761.12
7767.55,3981280000.0,129617005872,16686987.0,16686987.0,0.24,-0.89,21.92,9283.76470874,7673.52,7773.56,7776.47,7775.02
7783.5,3981760000.0,129883163314,16686987.0,16686987.0,0.41,-0.64,22.2,9204.91912627,7671.80,7762.49,7765.61,7764.05
7739.93,3971580000.0,129156304789,16687012.0,16687012.0,-0.28,-1.11,21.53,9214.17018289,7671.74,7732.95,7734.36,7733.66
7776.21,3968200000.0,129761709585,16687012.0,16687012.0,0.05,-0.55,22.11,9150.10385391,7670.96,7750.03,7753.12,7751.57
7757.57,3955110000.0,129450958468,16687050.0,16687050.0,-0.17,-0.72,21.85,9142.38071831,7670.71,7727.45,7732.67,7730.06
7751.95,3944260000.0,129357177248,16687050.0,16687050.0,-0.23,-0.67,21.84,9130.33750580,7670.34,7735.32,7736.83,7736.08
7749.08,3939860000.0,129309378403,16687062.0,16687062.0,-0.25,-0.69,21.82,9151.63066124,7670.36,7734.35,7736.97,7735.66
7765.52,3940870000.0,129583713702,16687062.0,16687062.0,-0.04,-0.32,22.18,9151.87233292,7670.32,7755.79,7758.03,7756.91
7756.71,3925350000.0,129436801523,16687075.0,16687075.0,-0.11,-0.28,22.13,9101.41704974,7669.81,7746.21,7747.54,7746.88
7764.92,3915200000.0,129573802409,16687075.0,16687075.0,0.05,-0.1,22.34,9074.37252332,7669.55,7739.07,7742.32,7740.7
7752.98,3892500000.0,129374845594,16687112.0,16687112.0,0.01,-0.19,22.2,8874.07100306,7668.43,7732.45,7734.95,7733.7
7749.28,3866770000.0,129313103279,16687112.0,16687112.0,-0.07,-0.2,22.18,8454.14465833,7667.55,7748.89,7750.41,7749.65
7764.33,3841190000.0,129564244315,16687112.0,16687112.0,0.11,0.06,22.5,8417.14903223,7667.44,7742.72,7746.01,7744.37
7759.3,3820760000.0,129480696107,16687162.0,16687162.0,0.02,0.0,22.45,8358.83058714,7667.33,7756.77,7760.31,7758.54
7766.59,3806500000.0,129602345518,16687162.0,16687162.0,0.05,0.12,22.64,8285.53395396,7667.25,7759.01,7759.62,7759.32
7809.38,3798500000.0,130316685936,16687200.0,16687200.0,0.64,0.67,23.44,8248.86196234,7669.93,7805.53,7805.86,7805.7
7834.85,3801600000.0,130741708920,16687200.0,16687200.0,1.0,1.02,23.89,8329.28183821,7675.50,7834.47,7837.65,7836.06
7884.99,3789210000.0,131578499748,16687212.0,16687212.0,1.67,1.69,24.74,8184.76283086,7679.90,7827.48,7830.31,7828.9
7873.95,3770060000.0,131394272927,16687212.0,16687212.0,1.51,1.61,24.74,8038.91737385,7680.00,7837.97,7840.49,7839.23
7842.86,3760430000.0,130875467506,16687212.0,16687212.0,1.03,1.23,24.32,8009.92025360,7680.15,7832.17,7835.41,7833.79
7805.86,3749320000.0,130258040662,16687212.0,16687212.0,0.41,0.78,23.86,7946.57398891,7680.12,7818.2,7819.42,7818.81
7816.48,3752450000.0,130435258854,16687212.0,16687212.0,0.42,0.9,24.08,7915.69086765,7680.22,7818.54,7819.54,7819.04
7807.23,3757650000.0,130281487685,16687287.0,16687287.0,-0.11,0.77,24.01,7682.21419178,7678.74,7794.73,7797.04,7795.89
7808.54,3740540000.0,130303348031,16687287.0,16687287.0,-0.34,0.8,24.1,7654.31278088,7678.37,7795.53,7798.75,7797.14
7810.28,3731350000.0,130332579167,16687312.0,16687312.0,-0.66,0.86,24.23,7657.79902272,7678.46,7791.46,7794.52,7792.99
7818.69,3732450000.0,130472919461,16687312.0,16687312.0,-0.6,0.99,24.47,7554.08463202,7677.66,7809.67,7811.74,7810.71
7838.38,3728410000.0,130801594534,16687325.0,16687325.0,-0.12,1.3,24.85,7389.50985706,7676.22,7818.4,7821.76,7820.08
7809.47,3717730000.0,130319163968,16687325.0,16687325.0,-0.33,0.94,24.52,7361.41572330,7676.31,7798.28,7799.84,7799.06
7800.17,3694350000.0,130164065447,16687337.0,16687337.0,-0.1,0.82,24.52,7371.43043573,7676.68,7794.67,7799.16,7796.92
7809.38,3689650000.0,130317755821,16687337.0,16687337.0,0.06,1.0,24.76,7347.46140053,7676.66,7799.05,7804.87,7801.96
7817.06,3690740000.0,130446305422,16687387.0,16687387.0,0.16,1.19,25.06,7411.55104806,7678.16,7804.72,7807.5,7806.11
7802.04,3690210000.0,130195660869,16687387.0,16687387.0,-0.09,1.06,24.99,7393.10181205,7678.39,7796.92,7797.81,7797.37
7809.88,3679920000.0,130326489984,16687387.0,16687387.0,-0.04,1.19,25.27,7331.17781029,7679.30,7781.11,7785.03,7783.07
7766.03,3658700000.0,129594748064,16687387.0,16687387.0,-0.63,0.76,24.73,7284.86479981,7680.29,7760.42,7763.98,7762.2
7774.31,3631670000.0,129732919628,16687387.0,16687387.0,-0.5,0.97,24.96,7273.49828557,7680.57,7753.72,7754.89,7754.31
7794.04,3606690000.0,130062457947,16687425.0,16687425.0,-0.17,1.44,25.55,7223.78807854,7681.13,7769.39,7772.11,7770.75
7784.36,3583310000.0,129900923673,16687425.0,16687425.0,-0.29,1.36,25.47,7098.37349342,7682.94,7770.15,7771.91,7771.03
7805.25,3535880000.0,130249812776,16687462.0,16687462.0,-0.04,1.82,26.0,6914.94223159,7686.56,7785.88,7790.29,7788.09
7802.94,3484780000.0,130211264738,16687462.0,16687462.0,0.04,1.98,26.15,7001.03224980,7688.06,7752.25,7762.97,7757.61
7771.67,3425210000.0,129689937417,16687525.0,16687525.0,-0.26,1.69,25.73,6989.92993680,7688.30,7750.36,7753.31,7751.84
7786.97,3404910000.0,129945256549,16687525.0,16687525.0,0.04,2.14,26.17,6972.61259820,7688.74,7768.05,7768.68,7768.37
7802.27,3386480000.0,130200575682,16687525.0,16687525.0,0.31,2.49,26.52,6930.34646124,7689.14,7782.68,7785.07,7783.88
7799.23,3378080000.0,130149845606,16687525.0,16687525.0,0.22,2.56,26.5,6915.46642336,7689.37,7791.65,7792.58,7792.12
7813.81,3362890000.0,130393149720,16687525.0,16687525.0,0.25,2.92,26.77,6905.01839561,7689.70,7790.94,7791.54,7791.24
7813.27,3344620000.0,130384138457,16687525.0,16687525.0,0.22,3.06,26.87,6906.17534940,7691.22,7796.67,7798.57,7797.62
7819.79,3315240000.0,130492941120,16687525.0,16687525.0,0.32,3.17,26.98,6604.47432924,7700.66,7812.47,7814.43,7813.45
7841.41,3280340000.0,130854313516,16687600.0,16687600.0,0.64,3.46,27.35,6436.08385329,7706.44,7805.54,7807.88,7806.71
7818.73,3232590000.0,130475838748,16687600.0,16687600.0,0.37,3.14,27.0,6432.18106160,7707.22,7806.85,7810.2,7808.53
7834.44,3207370000.0,130738290818,16687637.0,16687637.0,0.42,3.31,27.26,6407.79435577,7708.03,7814.63,7816.14,7815.39
7835.91,3186640000.0,130762821645,16687637.0,16687637.0,0.41,3.34,27.22,6372.77095568,7710.70,7822.96,7824.31,7823.64
7799.82,3158720000.0,130160759821,16687662.0,16687662.0,-0.2,2.92,26.67,6325.03540708,7714.43,7803.51,7805.07,7804.29
7809.29,3144540000.0,130318791980,16687662.0,16687662.0,-0.12,3.07,26.83,6260.39990259,7717.12,7798.96,7800.27,7799.62
7814.76,3096810000.0,130410073491,16687662.0,16687662.0,-0.13,3.17,26.99,6161.08198218,7721.70,7798.38,7799.57,7798.97
7811.91,3064530000.0,130363099548,16687737.0,16687737.0,-0.16,3.16,27.02,5975.87876640,7727.31,7798.51,7799.24,7798.88
7816.57,3014630000.0,130440864402,16687737.0,16687737.0,-0.13,3.19,27.24,5948.80925998,7728.76,7813.1,7815.46,7814.28
7831.21,2980190000.0,130685368652,16687762.0,16687762.0,0.12,3.24,27.6,5894.80083504,7730.23,7810.81,7814.15,7812.48
7819.71,2932250000.0,130493459389,16687762.0,16687762.0,-0.03,2.97,27.47,5871.62283472,7730.80,7814.8,7816.53,7815.67
7817.64,2910390000.0,130459111163,16687787.0,16687787.0,-0.01,2.92,27.49,5872.44264491,7731.80,7776.74,7781.03,7778.89
7802.96,2889200000.0,130214134450,16687787.0,16687787.0,-0.11,2.6,27.32,5871.58119199,7732.36,7778.93,7782.68,7780.81
7802.11,2866780000.0,130200144883,16687812.0,16687812.0,-0.14,2.48,27.39,5848.63376260,7733.19,7786.69,7789.61,7788.15
7815.41,2857890000.0,130422092783,16687812.0,16687812.0,0.0,2.46,27.7,5823.97847778,7734.41,7811.97,7813.59,7812.78
7815.22,2843410000.0,130419219077,16687850.0,16687850.0,-0.11,2.25,27.79,5803.82601027,7735.56,7812.88,7814.25,7813.57
7810.6,2841130000.0,130342121210,16687850.0,16687850.0,-0.17,2.11,27.73,5768.49143779,7736.69,7812.14,7814.96,7813.55
7800.24,2822540000.0,130169235084,16687850.0,16687850.0,-0.28,1.89,27.57,5717.23968592,7737.68,7810.72,7813.37,7812.05
7829.25,2808250000.0,130653545344,16687875.0,16687875.0,0.27,2.18,28.11,5518.71752604,7741.62,7802.31,7804.58,7803.45
7808.95,2781790000.0,130314781481,16687875.0,16687875.0,0.03,1.87,27.79,5422.69961615,7742.77,7796.54,7799.16,7797.85
7780.51,2769940000.0,129840372829,16687900.0,16687900.0,-0.33,1.51,27.28,5401.66643046,7743.06,7777.84,7780.45,7779.15
7756.36,2761680000.0,129437360044,16687900.0,16687900.0,-0.72,1.19,26.84,5402.80963742,7743.47,7745.78,7747.59,7746.68
7770.78,2758420000.0,129678481350,16687962.0,16687962.0,-0.54,1.34,27.02,5390.36555065,7743.69,7754.19,7756.04,7755.12
7778.08,2755680000.0,129800303473,16687962.0,16687962.0,-0.46,1.43,27.12,5376.55605508,7744.13,7774.87,7778.02,7776.45
7775.4,2743870000.0,129755875200,16688000.0,16688000.0,-0.46,1.32,27.05,5382.55054743,7744.33,7763.55,7767.54,7765.55
7781.38,2741590000.0,129855669440,16688000.0,16688000.0,-0.32,1.41,27.14,5372.00197301,7744.61,7764.54,7769.92,7767.23
7775.24,2735370000.0,129753205120,16688000.0,16688000.0,-0.35,1.31,27.07,5367.59668153,7744.68,7767.71,7771.69,7769.7
7759.2,2733960000.0,129485622710,16688012.0,16688012.0,-0.31,1.08,26.82,5366.40736502,7744.76,7757.3,7758.69,7757.99
7780.01,2726660000.0,129832900240,16688012.0,16688012.0,0.09,1.34,27.14,5395.04481705,7745.29,7773.97,7776.15,7775.06
7772.09,2718060000.0,129700925487,16688037.0,16688037.0,-0.01,1.24,27.0,5383.92121342,7746.06,7757.14,7759.55,7758.35
7770.96,2718120000.0,129682068006,16688037.0,16688037.0,-0.1,1.23,27.01,5382.30989813,7746.11,7754.1,7755.74,7754.92
7759.07,2717120000.0,129483841222,16688062.0,16688062.0,-0.26,1.08,26.82,5398.18343444,7746.30,7741.42,7744.72,7743.07
7752.79,2716360000.0,129379040193,16688062.0,16688062.0,-0.27,0.97,26.72,5377.59826784,7747.05,7758.11,7759.65,7758.88
7755.38,2713220000.0,129422650043,16688112.0,16688112.0,-0.23,0.97,26.78,5354.64923701,7748.05,7750.48,7753.03,7751.75
7748.66,2709250000.0,129310505930,16688112.0,16688112.0,-0.29,0.78,26.71,5448.02532764,7748.45,7730.34,7731.75,7731.05
7711.09,2720470000.0,128683533562,16688112.0,16688112.0,-0.75,0.24,26.12,5475.71880716,7748.50,7695.29,7696.74,7696.01
7727.63,2734380000.0,128959554935,16688112.0,16688112.0,-0.54,0.45,26.42,5526.56904150,7747.99,7668.86,7670.54,7669.7
7721.81,2769290000.0,128862430123,16688112.0,16688112.0,-0.52,0.32,26.36,5596.08790520,7747.52,7718.02,7719.69,7718.86
7723.22,2790340000.0,128885960361,16688112.0,16688112.0,-0.46,0.3,26.42,5636.10418155,7747.22,7707.92,7712.44,7710.18
7716.79,2792390000.0,128778655800,16688112.0,16688112.0,-0.5,0.1,26.32,5628.57293478,7747.16,7706.65,7709.8,7708.23
7732.79,2796020000.0,129045959438,16688150.0,16688150.0,-0.27,0.28,26.56,5605.67734565,7747.25,7715.69,7718.99,7717.34
7730.81,2800350000.0,129012916902,16688150.0,16688150.0,-0.23,0.15,26.52,5612.77937401,7747.17,7702.44,7705.77,7704.11
7716.92,2801450000.0,128781211101,16688162.0,16688162.0,-0.18,-0.15,26.24,5494.14063560,7747.10,7701.36,7704.6,7702.98
7712.52,2791600000.0,128707783188,16688162.0,16688162.0,-0.11,-0.25,26.16,5484.72581283,7746.88,7712.91,7715.21,7714.06
7720.09,2785120000.0,128834598940,16688225.0,16688225.0,0.01,-0.27,26.29,5287.00271659,7744.65,7731.45,7734.22,7732.84
7731.13,2785190000.0,129018836944,16688225.0,16688225.0,0.15,-0.17,26.45,5278.01037081,7744.52,7727.55,7731.03,7729.29
7725.99,2782810000.0,128933059468,16688225.0,16688225.0,0.01,-0.33,26.37,5269.95996718,7744.40,7726.04,7730.78,7728.41
7750.8,2779530000.0,129347288100,16688250.0,16688250.0,0.33,-0.06,26.76,5290.28872572,7744.42,7745.35,7746.91,7746.13
7756.02,2783340000.0,129434400765,16688250.0,16688250.0,0.41,-0.07,26.81,5303.92698985,7744.47,7760.83,7762.47,7761.65
7767.55,2786870000.0,129626816288,16688250.0,16688250.0,0.59,0.07,26.97,5296.00018274,7744.47,7779.25,7781.49,7780.37
7781.76,2785860000.0,129863956320,16688250.0,16688250.0,0.74,0.23,27.16,5287.39281812,7744.14,7776.67,7779.12,7777.9
7771.48,2787700000.0,129692688655,16688287.0,16688287.0,0.59,0.08,26.97,5340.23816614,7744.56,7772.11,7773.37,7772.74
7764.57,2786040000.0,129577372592,16688287.0,16688287.0,0.45,-0.03,26.73,5379.12288271,7744.81,7767.01,7769.01,7768.01
7774.97,2763260000.0,129751226225,16688325.0,16688325.0,0.44,0.13,26.81,5384.33391688,7744.77,7774.28,7775.31,7774.8
7776.25,2783920000.0,129772587281,16688325.0,16688325.0,0.31,0.2,26.79,5411.33801270,7744.94,7777.17,7780.41,7778.79
7784.26,2774460000.0,129906548782,16688362.0,16688362.0,0.18,0.35,26.88,5370.72664972,7745.01,7777.79,7779.96,7778.88
7780.57,2767990000.0,129844968726,16688362.0,16688362.0,0.13,0.31,26.82,5369.03865068,7745.32,7768.87,7770.77,7769.82
7774.06,2765210000.0,129736327490,16688362.0,16688362.0,0.02,0.22,26.66,5363.41956165,7745.46,7763.08,7767.72,7765.4
7779.8,2766200000.0,129832414320,16688400.0,16688400.0,0.1,0.28,26.72,5350.19492894,7745.49,7771.57,7773.53,7772.55
7790.45,2763740000.0,130010145780,16688400.0,16688400.0,0.22,0.42,26.88,5335.78584181,7745.45,7774.81,7777.18,7776.0
7781.0,2752400000.0,129852440400,16688400.0,16688400.0,0.07,0.32,26.68,5233.57924714,7746.03,7772.72,7775.04,7773.88
7797.19,2751530000.0,130122625596,16688400.0,16688400.0,0.23,0.56,26.92,5272.02594495,7746.29,7781.6,7783.12,7782.36
7798.62,2753980000.0,130146583591,16688412.0,16688412.0,0.22,0.62,26.88,5279.73327502,7746.37,7782.3,7785.14,7783.72
7784.46,2754740000.0,129910275678,16688412.0,16688412.0,0.05,0.49,26.56,5269.48278854,7746.46,7774.59,7778.79,7776.69
7769.22,2745660000.0,129656332740,16688462.0,16688462.0,-0.16,0.32,26.2,5290.79328622,7746.55,7747.78,7749.41,7748.59
7755.36,2736540000.0,129425030656,16688462.0,16688462.0,-0.36,0.15,25.79,5259.10172637,7746.52,7732.14,7733.97,7733.06
7752.75,2731410000.0,129381473770,16688462.0,16688462.0,-0.42,0.13,25.75,5210.12477618,7746.17,7743.31,7744.7,7744.01
7754.39,2722490000.0,129409137515,16688500.0,16688500.0,-0.46,0.16,25.68,5124.22575763,7745.35,7755.78,7758.06,7756.92
7764.64,2723200000.0,129580194640,16688500.0,16688500.0,-0.33,0.3,25.74,5069.91577660,7745.17,7735.47,7737.68,7736.58
7742.12,2720030000.0,129204656078,16688537.0,16688537.0,-0.56,0.08,25.16,5065.93710013,7745.08,7730.17,7731.4,7730.79
7734.58,2720430000.0,129078824509,16688537.0,16688537.0,-0.49,0.02,24.89,5025.23495724,7745.54,7725.97,7728.89,7727.43
7739.92,2718160000.0,129168134795,16688562.0,16688562.0,-0.39,0.09,24.91,4987.59592346,7745.95,7733.09,7734.49,7733.79
7749.65,2725680000.0,129330514503,16688562.0,16688562.0,-0.15,0.26,25.01,5171.16061115,7744.39,7713.01,7718.25,7715.63
7742.91,2724060000.0,129218033595,16688562.0,16688562.0,-0.18,0.21,24.63,5196.26692382,7744.23,7722.67,7724.09,7723.38
7758.43,2724210000.0,129477040078,16688562.0,16688562.0,0.03,0.41,24.81,5195.55098171,7744.16,7730.27,7731.11,7730.69
7739.38,2729410000.0,129159122972,16688562.0,16688562.0,-0.13,0.2,24.4,5256.85196401,7743.85,7733.88,7737.23,7735.56
7755.18,2733970000.0,129422802251,16688562.0,16688562.0,0.08,0.4,24.66,5225.51522546,7744.26,7752.46,7754.12,7753.29
7763.38,2733110000.0,129559648460,16688562.0,16688562.0,0.27,0.56,24.84,5177.49216315,7744.77,7757.3,7761.45,7759.37
7772.28,2720350000.0,129708370968,16688587.0,16688587.0,0.39,0.7,24.96,5160.27135251,7746.85,7763.14,7765.08,7764.11
7788.18,2711370000.0,129973719502,16688587.0,16688587.0,0.56,0.95,25.27,5186.45024557,7749.14,7777.89,7779.16,7778.53
7804.81,2694380000.0,130251640944,16688637.0,16688637.0,0.79,1.2,25.54,5233.84957930,7750.83,7799.51,7801.59,7800.55
7783.9,2711320000.0,129902681544,16688637.0,16688637.0,0.5,0.97,25.23,5213.49868005,7751.79,7789.85,7792.05,7790.95
7791.66,2705950000.0,130032286659,16688650.0,16688650.0,0.51,1.11,25.45,5198.36728626,7752.32,7783.52,7785.76,7784.64
7790.58,2696160000.0,130014262917,16688650.0,16688650.0,0.44,1.08,25.53,5188.54378794,7752.66,7782.19,7783.87,7783.03
7792.37,2686730000.0,130044135600,16688650.0,16688650.0,0.3,1.16,25.58,5199.03301985,7752.82,7787.67,7789.21,7788.44
7783.74,2675040000.0,129900112551,16688650.0,16688650.0,-0.02,1.08,25.43,5166.34371129,7753.34,7777.95,7778.97,7778.46
7783.75,2672160000.0,129900279438,16688650.0,16688650.0,-0.02,1.1,25.46,5122.61524889,7753.86,7786.58,7792.03,7789.31
7810.59,2669940000.0,130348491795,16688687.0,16688687.0,0.22,1.46,25.9,5120.20031463,7754.32,7792.79,7794.4,7793.59
7778.1,2666930000.0,129806276355,16688687.0,16688687.0,-0.27,1.05,25.45,5382.97406163,7753.02,7752.4,7755.93,7754.17
7779.21,2655180000.0,129824901927,16688700.0,16688700.0,-0.18,1.09,25.48,5360.52331938,7753.74,7754.12,7756.2,7755.16
7773.92,2647330000.0,129736618704,16688700.0,16688700.0,-0.23,1.03,25.46,5364.40885596,7754.65,7763.6,7764.57,7764.09
7770.38,2647300000.0,129677633951,16688712.0,16688712.0,-0.25,0.99,25.41,5604.73844297,7752.91,7739.22,7740.98,7740.1
7759.52,2637160000.0,129496394538,16688712.0,16688712.0,-0.4,0.83,25.32,5596.44680611,7753.34,7750.17,7750.72,7750.45
7764.29,2627580000.0,129576100630,16688725.0,16688725.0,-0.3,0.87,25.48,5614.29945031,7753.41,7751.98,7754.35,7753.16
7768.1,2599880000.0,129639684672,16688725.0,16688725.0,-0.21,0.92,25.62,5655.65811913,7753.54,7764.94,7765.68,7765.31
7782.48,2611690000.0,129880151052,16688787.0,16688787.0,0.01,1.06,25.97,5680.81568310,7753.73,7767.24,7768.08,7767.66
7785.9,2610650000.0,129937226703,16688787.0,16688787.0,0.12,1.1,26.09,5777.69183337,7753.64,7771.15,7772.46,7771.81
7778.63,2608260000.0,129815899222,16688787.0,16688787.0,0.12,1.0,26.1,5811.55968513,7753.72,7768.03,7771.86,7769.95
7787.28,2606480000.0,129960358464,16688800.0,16688800.0,0.28,1.09,26.35,5972.25376812,7753.79,7790.32,7791.11,7790.72
7812.05,2617270000.0,130373740040,16688800.0,16688800.0,0.61,1.36,26.95,5985.15591461,7754.38,7810.72,7811.1,7810.91
7808.07,2611010000.0,130307709020,16688850.0,16688850.0,0.51,1.25,27.09,5985.02880098,7754.89,7799.36,7800.71,7800.04
7805.03,2605360000.0,130256974916,16688850.0,16688850.0,0.41,1.15,27.17,6040.90166518,7755.35,7803.53,7805.28,7804.41
7813.69,2599870000.0,130401594121,16688862.0,16688862.0,0.49,1.24,27.5,6148.64628140,7756.27,7822.34,7824.37,7823.36
7851.32,2620760000.0,131029595998,16688862.0,16688862.0,0.93,1.7,28.31,6305.27739176,7759.97,7892.53,7895.85,7894.19
7901.87,2665320000.0,131873415519,16688887.0,16688887.0,1.5,2.3,29.23,6384.44429329,7761.78,7876.47,7878.66,7877.57
7932.98,2671410000.0,132392606793,16688887.0,16688887.0,1.77,2.63,29.9,6237.51326966,7767.02,7927.03,7927.65,7927.34
7979.3,2712630000.0,133165636039,16688887.0,16688887.0,2.3,3.2,30.73,6471.06129008,7774.87,7959.52,7961.35,7960.44
8033.15,2780340000.0,134064437035,16688900.0,16688900.0,2.83,3.86,31.75,7116.27745241,7795.07,8005.9,8009.15,8007.53
8067.09,2870770000.0,134630858301,16688900.0,16688900.0,3.13,4.24,32.36,7348.95622843,7802.76,8035.32,8036.98,8036.15
7947.63,2927230000.0,132637400998,16688925.0,16688925.0,1.28,2.65,30.51,7516.02089846,7807.49,7986.61,7991.54,7989.08
8012.37,2975600000.0,133717842002,16688925.0,16688925.0,1.6,3.39,31.7,7545.54506355,7810.51,7973.85,7978.78,7976.32
8035.68,2980380000.0,134107158164,16688962.0,16688962.0,1.72,3.69,32.11,7630.89111456,7813.12,8029.65,8031.84,8030.75
7991.13,2986590000.0,133363664907,16688962.0,16688962.0,0.64,3.03,31.5,7706.43733661,7817.27,8018.23,8023.71,8020.97
8004.06,2997160000.0,133579653287,16688987.0,16688987.0,0.27,3.17,31.75,7777.11287146,7818.94,7994.86,7998.97,7996.92
7973.45,3009890000.0,133068803395,16688987.0,16688987.0,-0.42,2.76,31.27,7954.23683967,7822.01,7972.26,7975.17,7973.72
7993.01,3028930000.0,133395239981,16688987.0,16688987.0,-0.35,3.0,31.65,8001.04859344,7823.55,7998.04,8000.52,7999.28
7984.21,3025680000.0,133248376895,16688987.0,16688987.0,-0.45,2.89,31.51,7994.91748240,7824.11,7982.13,7983.04,7982.59
7984.58,3024610000.0,133254551820,16688987.0,16688987.0,-0.35,2.88,31.58,8062.81865967,7825.97,8034.59,8036.23,8035.41
8028.42,3054650000.0,133986502090,16689025.0,16689025.0,0.19,3.42,32.39,8081.79350979,7827.40,8023.38,8026.39,8024.89
8045.31,3066010000.0,134268379723,16689025.0,16689025.0,0.48,3.62,32.71,8111.78583116,7828.97,8043.32,8046.26,8044.79
8048.07,3073430000.0,134314739210,16689062.0,16689062.0,0.7,3.63,32.92,8098.67933327,7830.15,8043.49,8047.06,8045.28
8066.85,3088830000.0,134628159795,16689062.0,16689062.0,0.98,3.8,33.28,8204.88808481,7833.36,8045.41,8047.61,8046.51
8101.91,3120880000.0,135213586181,16689100.0,16689100.0,1.45,4.19,33.97,8306.44764204,7837.82,8094.53,8098.39,8096.46
8085.48,3153160000.0,134939384268,16689100.0,16689100.0,1.06,3.9,33.77,8382.84273189,7840.57,8083.59,8087.99,8085.79
8075.2,3163870000.0,134768320982,16689162.0,16689162.0,0.7,3.72,33.65,8416.24957064,7841.89,8078.36,8079.57,8078.97
8085.98,3181170000.0,134948230149,16689162.0,16689162.0,0.59,3.83,33.93,8415.46263034,7843.41,8082.91,8088.74,8085.83
8061.74,3186590000.0,134543684862,16689162.0,16689162.0,0.27,3.49,33.55,8438.43544465,7844.58,8042.41,8045.21,8043.81
8024.99,3196820000.0,133930462483,16689175.0,16689175.0,-0.27,2.99,32.97,8546.37090985,7847.32,8054.17,8056.43,8055.3
8040.13,3218980000.0,134183136593,16689175.0,16689175.0,-0.38,3.15,33.32,8540.33189833,7848.09,8058.59,8060.57,8059.58
8053.76,3218920000.0,134410811392,16689200.0,16689200.0,-0.33,3.29,33.59,8325.07375747,7849.73,8060.29,8063.65,8061.97
8041.39,3183530000.0,134204365988,16689200.0,16689200.0,-0.56,3.08,33.45,8207.95506457,7850.44,8049.94,8053.41,8051.67
8032.75,3167270000.0,134060468512,16689237.0,16689237.0,-0.63,2.96,33.31,8146.71421139,7851.12,8058.7,8060.84,8059.77
8060.44,3154100000.0,134522593484,16689237.0,16689237.0,-0.02,3.28,33.87,8160.01346367,7852.32,8062.42,8065.22,8063.82
8021.45,3141870000.0,133871984412,16689250.0,16689250.0,-0.37,2.73,33.34,8184.31673951,7853.11,8015.86,8016.92,8016.39
7998.57,3138860000.0,133490134372,16689250.0,16689250.0,-0.58,2.4,33.03,8156.37015712,7853.58,8022.66,8024.9,8023.78
7990.04,3142840000.0,133347974821,16689275.0,16689275.0,-0.72,2.27,32.93,8182.48329438,7854.31,8009.65,8013.87,8011.76
7980.3,3147180000.0,133185421282,16689275.0,16689275.0,-0.81,2.13,32.77,8294.98530365,7856.05,7994.43,7995.63,7995.03
7956.49,3146580000.0,132788049645,16689275.0,16689275.0,-1.13,1.8,32.4,8314.87965906,7856.44,7983.6,7985.69,7984.65
7993.92,3160560000.0,133413224831,16689337.0,16689337.0,-0.57,2.27,33.09,8343.44119646,7857.71,8004.85,8006.58,8005.72
8004.04,3158200000.0,133582120921,16689337.0,16689337.0,-0.36,2.4,33.28,8340.93059157,7857.92,8018.18,8021.06,8019.62
7998.43,3157930000.0,133488493741,16689337.0,16689337.0,-0.11,2.36,33.21,8359.86079900,7858.70,8011.78,8015.01,8013.4
7998.07,3147050000.0,133482485580,16689337.0,16689337.0,0.03,2.4,33.18,8357.59826914,7859.92,8002.57,8003.47,8003.02
7996.06,3147360000.0,133448940012,16689337.0,16689337.0,0.22,2.41,33.16,8347.88070572,7860.26,7991.95,7998.42,7995.18
7987.08,3141890000.0,133299069766,16689337.0,16689337.0,0.14,2.34,32.96,8383.26657015,7860.89,8000.76,8002.18,8001.47
8015.01,3146580000.0,133765507519,16689375.0,16689375.0,0.36,2.75,33.39,8305.50826295,7861.92,8026.93,8029.54,8028.24
8028.65,3142470000.0,133993150594,16689375.0,16689375.0,0.37,2.94,33.58,8316.09308644,7863.04,8044.22,8046.0,8045.11
8036.49,3149320000.0,134124196206,16689400.0,16689400.0,0.47,3.04,33.66,8303.26308384,7863.86,8040.67,8044.47,8042.57
8039.07,3146880000.0,134167254858,16689400.0,16689400.0,0.51,3.07,33.67,8319.76299731,7865.98,8049.68,8051.11,8050.39
8041.27,3142220000.0,134203971538,16689400.0,16689400.0,0.6,3.09,33.65,8323.09587404,7866.48,8040.25,8042.86,8041.56
8014.5,3142590000.0,133757396662,16689425.0,16689425.0,0.26,2.74,33.14,8332.00748925,7866.77,8045.47,8049.14,8047.31
8025.59,3146780000.0,133942482386,16689425.0,16689425.0,0.29,2.88,33.33,8336.30480380,7867.15,8039.21,8041.4,8040.31
8031.1,3145200000.0,134034441118,16689425.0,16689425.0,0.29,2.94,33.37,8333.91117993,7867.37,8036.55,8038.62,8037.59
8027.38,3147810000.0,133972356456,16689425.0,16689425.0,0.01,2.89,33.27,8220.40507939,7869.38,8047.74,8048.64,8048.19
8040.86,3149280000.0,134197426396,16689437.0,16689437.0,0.06,3.04,33.48,8225.12016945,7869.82,8038.97,8041.4,8040.18
8040.3,3148280000.0,134188080311,16689437.0,16689437.0,0.07,3.03,33.45,8262.53326323,7870.60,8058.71,8059.77,8059.24
8053.33,3159000000.0,134405745008,16689462.0,16689462.0,0.28,3.19,33.63,8292.98191880,7871.33,8052.74,8055.42,8054.08
8037.54,3155680000.0,134142218403,16689462.0,16689462.0,0.1,2.99,33.31,8299.42730389,7871.58,8044.12,8046.07,8045.09
8032.86,3155390000.0,134064111721,16689462.0,16689462.0,0.07,2.92,33.22,8313.85911540,7871.96,8033.76,8035.92,8034.84
8011.56,3160270000.0,133709026759,16689512.0,16689512.0,-0.24,2.6,32.81,8289.06995145,7872.86,8007.09,8008.99,8008.04
8013.36,3158540000.0,133739067880,16689512.0,16689512.0,-0.26,2.6,32.79,8304.35498614,7873.52,8019.94,8021.75,8020.84
8014.59,3161940000.0,133759700170,16689525.0,16689525.0,-0.36,2.58,32.77,8304.34392924,7873.80,8018.73,8019.87,8019.3
8010.19,3167500000.0,133686266260,16689525.0,16689525.0,-0.44,2.52,32.65,8410.37189108,7875.13,8008.3,8009.45,8008.88
8007.08,3165560000.0,133634562014,16689550.0,16689550.0,-0.46,2.48,32.57,8412.61672221,7875.21,7998.38,8000.47,7999.43
8001.53,3165260000.0,133541935012,16689550.0,16689550.0,-0.53,2.4,32.42,8386.82858641,7875.47,8005.89,8007.24,8006.57
7991.05,3166610000.0,133367124420,16689562.0,16689562.0,-0.46,2.25,32.17,8383.09346422,7876.18,7992.1,7995.94,7994.02
7996.77,3167090000.0,133462588715,16689562.0,16689562.0,-0.29,2.3,32.21,8413.53966491,7876.59,7993.99,7996.3,7995.15
7974.75,3171290000.0,133095283928,16689587.0,16689587.0,-0.47,2.02,31.77,8463.04573243,7877.11,7979.15,7982.81,7980.98
7974.93,3177190000.0,133098288054,16689587.0,16689587.0,-0.46,2.03,31.73,8483.32474823,7877.36,7977.73,7980.42,7979.08
7975.21,3180860000.0,133102961138,16689587.0,16689587.0,-0.4,2.02,31.65,8477.22408460,7877.55,7989.26,7992.99,7991.13
7976.34,3183570000.0,133122123472,16689625.0,16689625.0,-0.35,2.05,31.52,8484.80793078,7877.69,7978.19,7982.44,7980.32
7967.23,3189870000.0,132970080989,16689625.0,16689625.0,-0.41,1.96,31.24,8620.97098615,7878.66,7956.52,7960.79,7958.66
7972.4,3192710000.0,133056565660,16689650.0,16689650.0,-0.27,2.06,31.27,8662.66200569,7879.34,7953.4,7954.64,7954.02
7957.53,3191950000.0,132808390564,16689650.0,16689650.0,-0.34,1.91,30.87,8672.70895791,7879.65,7948.35,7949.43,7948.89
7957.93,3202540000.0,132815066424,16689650.0,16689650.0,-0.26,1.95,30.75,8685.04518480,7879.83,7967.2,7971.0,7969.1
7982.26,3215710000.0,133221125609,16689650.0,16689650.0,0.07,2.28,30.95,8709.76795081,7880.04,7967.84,7971.83,7969.84
7981.42,3217680000.0,133207106303,16689650.0,16689650.0,0.05,2.29,30.83,8742.62939315,7880.31,7966.78,7969.64,7968.21
7982.07,3221780000.0,133217954576,16689650.0,16689650.0,0.09,2.32,30.62,8773.89656705,7880.47,7978.81,7982.36,7980.58
7989.78,3224050000.0,133346631777,16689650.0,16689650.0,0.25,2.45,30.63,8823.33569501,7880.92,7996.19,7998.59,7997.39
8008.21,3239330000.0,133654518330,16689687.0,16689687.0,0.55,2.72,30.74,8841.57474319,7881.23,7994.28,7996.52,7995.4
8013.01,3247320000.0,133734628828,16689687.0,16689687.0,0.59,2.81,30.66,8820.29938852,7881.49,8014.27,8017.24,8015.76
8015.08,3242840000.0,133769881807,16689775.0,16689775.0,0.58,2.87,30.42,8841.31103606,7881.91,8005.18,8008.13,8006.66
7993.3,3239810000.0,133406378508,16689775.0,16689775.0,0.17,2.65,29.86,8843.15931899,7882.95,7978.48,7980.66,7979.57
7992.39,3241320000.0,133391190812,16689775.0,16689775.0,0.12,2.66,29.72,8862.44316373,7883.17,7981.5,7986.22,7983.86
7985.68,3251060000.0,133279202422,16689775.0,16689775.0,-0.01,2.61,29.39,8869.02920671,7883.48,7989.79,7992.46,7991.13
7997.19,3253300000.0,133471597628,16689812.0,16689812.0,0.01,2.8,29.36,8870.71021436,7884.00,7998.53,8000.45,7999.49
8005.45,3254620000.0,133609455475,16689812.0,16689812.0,-0.02,2.96,29.29,8867.92876606,7884.31,8004.44,8007.67,8006.06
8000.63,3263710000.0,133529114590,16689825.0,16689825.0,-0.11,2.93,29.03,8875.50854782,7884.42,8005.33,8006.62,8005.97
7997.32,3262950000.0,133473871269,16689825.0,16689825.0,-0.12,2.96,28.89,8885.62085774,7884.60,7985.2,7988.43,7986.82
7988.75,3259160000.0,133330839469,16689825.0,16689825.0,-0.11,2.9,28.59,8844.13104284,7885.44,7980.86,7982.61,7981.74
7979.65,3265840000.0,133179057817,16689837.0,16689837.0,-0.12,2.87,28.28,8856.42412101,7885.99,7981.0,7984.73,7982.87
7993.5,3269440000.0,133410212060,16689837.0,16689837.0,0.01,3.09,28.33,8878.82966850,7886.16,7980.49,7984.68,7982.59
7988.9,3282840000.0,133333438809,16689837.0,16689837.0,-0.08,3.04,28.18,8877.72905569,7887.04,7989.56,7991.63,7990.6
7972.62,3293260000.0,133061728263,16689837.0,16689837.0,-0.32,2.85,27.75,8894.85566750,7888.08,8011.19,8012.48,8011.83
8026.79,3314400000.0,133966322421,16689900.0,16689900.0,0.34,3.59,28.53,8897.91710510,7888.68,8026.59,8028.98,8027.79
8053.8,3325430000.0,134417116620,16689900.0,16689900.0,0.76,3.98,28.67,8782.70808796,7892.24,8032.28,8033.48,8032.88
8044.48,3305820000.0,134261864398,16689937.0,16689937.0,0.69,3.89,28.36,8789.85009441,7893.72,8026.32,8029.67,8028.0
8033.86,3276290000.0,134084617267,16689937.0,16689937.0,0.6,3.79,27.89,8773.71626048,7895.90,8034.05,8036.62,8035.34
8025.88,3260400000.0,133951431570,16689937.0,16689937.0,0.51,3.69,27.65,8762.72292232,7898.55,8025.51,8029.98,8027.75
8014.61,3242050000.0,133763335980,16689937.0,16689937.0,0.21,3.55,27.31,8732.94308733,7899.94,8018.24,8020.04,8019.14
8024.9,3229510000.0,133935075431,16689937.0,16689937.0,0.16,3.7,27.2,8778.35243053,7901.23,8011.46,8017.29,8014.37
8020.64,3217490000.0,133864377332,16689987.0,16689987.0,-0.09,3.62,26.94,8790.55630084,7902.19,8023.99,8026.23,8025.11
8023.66,3207510000.0,133914781092,16689987.0,16689987.0,-0.11,3.66,26.8,8842.33671150,7903.29,8033.71,8035.3,8034.51
8042.9,3208730000.0,134236001000,16690000.0,16690000.0,0.13,3.9,27.1,8960.01311109,7905.41,8045.44,8049.22,8047.33
8043.66,3216260000.0,134248685400,16690000.0,16690000.0,0.19,3.9,26.96,9015.65463284,7906.15,8046.65,8049.59,8048.12
8041.92,3210010000.0,134219644800,16690000.0,16690000.0,0.24,3.86,26.69,9081.43913435,7907.16,8047.63,8049.9,8048.76
8046.48,3219850000.0,134295751200,16690000.0,16690000.0,0.31,3.88,26.62,9126.70702634,7907.92,8051.7,8055.96,8053.83
8031.91,3222980000.0,134052778698,16690025.0,16690025.0,0.12,3.64,26.23,9198.92766729,7908.81,8050.55,8056.43,8053.49
8055.09,3227890000.0,134439653477,16690025.0,16690025.0,0.37,3.94,26.59,9195.75892961,7909.80,8056.07,8057.89,8056.98
8054.35,3234370000.0,134427302859,16690025.0,16690025.0,0.27,3.87,26.36,9196.22226106,7910.62,8053.55,8056.49,8055.02
8062.58,3232570000.0,134565064894,16690075.0,16690075.0,0.27,3.93,26.35,9217.43163599,7911.26,8046.87,8048.14,8047.51
8058.16,3228740000.0,134491294762,16690075.0,16690075.0,0.15,3.84,26.12,9197.58883795,7912.05,8051.12,8055.66,8053.39
8027.95,3231330000.0,133987384630,16690112.0,16690112.0,-0.25,3.42,25.54,9265.44705101,7913.51,8026.98,8029.21,8028.09
8033.48,3231430000.0,134079680950,16690112.0,16690112.0,-0.16,3.42,25.4,9269.05843588,7914.71,8033.0,8034.01,8033.51
8019.85,3232520000.0,133852298981,16690125.0,16690125.0,-0.33,3.21,25.1,9292.01393009,7915.17,8032.9,8039.34,8036.12
8025.57,3239290000.0,133947766496,16690125.0,16690125.0,-0.31,3.25,25.03,9279.75172133,7915.80,8035.95,8038.86,8037.41
8027.26,3245680000.0,133976671179,16690212.0,16690212.0,-0.35,3.25,24.91,9316.64979117,7916.32,8029.2,8030.62,8029.91
8028.44,3248530000.0,133996365629,16690212.0,16690212.0,-0.3,3.27,24.86,9294.31208633,7916.98,8029.22,8030.43,8029.83
8036.78,3249850000.0,134135561997,16690212.0,16690212.0,-0.19,3.37,24.92,9333.29776130,7917.47,8029.94,8031.36,8030.65
8022.63,3251070000.0,133899499792,16690225.0,16690225.0,-0.16,3.18,24.53,9348.19141516,7917.73,8034.64,8037.24,8035.94
8032.95,3253340000.0,134071742914,16690225.0,16690225.0,0.04,3.32,24.63,9345.91207493,7917.96,8036.19,8037.36,8036.78
8035.87,3259420000.0,134120679268,16690250.0,16690250.0,0.14,3.4,24.54,9422.10818979,7919.01,8043.68,8044.84,8044.26
8049.65,3253300000.0,134350670912,16690250.0,16690250.0,0.32,3.6,24.68,9389.45498822,7919.93,8040.05,8043.48,8041.76
8055.22,3250460000.0,134444038366,16690300.0,16690300.0,0.36,3.68,24.75,9389.45894567,7920.14,8045.31,8046.94,8046.13
8032.83,3252860000.0,134070342549,16690300.0,16690300.0,0.06,3.4,24.34,9391.20981885,7920.78,8051.78,8053.39,8052.59
8059.09,3256380000.0,134509032782,16690350.0,16690350.0,0.37,3.77,24.69,9411.15381336,7921.83,8061.94,8065.53,8063.74
8082.47,3270820000.0,134899253164,16690350.0,16690350.0,0.66,4.09,25.02,9416.55230338,7922.72,8071.09,8072.9,8072.0
8063.55,3270670000.0,134583471742,16690350.0,16690350.0,0.36,3.87,24.7,9416.23875351,7923.23,8056.87,8058.84,8057.86
8070.8,3275330000.0,134704476780,16690350.0,16690350.0,0.4,3.97,24.82,9453.15315673,7924.31,8075.73,8076.61,8076.17
8092.49,3295800000.0,135066490472,16690350.0,16690350.0,0.64,4.25,25.12,9528.54357782,7925.74,8094.36,8096.51,8095.43
8133.71,3338380000.0,135754873384,16690400.0,16690400.0,1.1,4.8,25.77,9741.43855718,7930.46,8119.32,8120.91,8120.12
8161.57,3370390000.0,136219867928,16690400.0,16690400.0,1.35,5.14,26.17,9908.15318416,7934.85,8149.48,8151.8,8150.64
8134.18,3380220000.0,135763222191,16690462.0,16690462.0,0.94,4.79,25.71,9940.58077930,7935.89,8134.85,8137.86,8136.36
8140.89,3380480000.0,135875215191,16690462.0,16690462.0,0.89,4.87,25.81,9740.92452035,7941.78,8137.72,8140.47,8139.1
8138.39,3385930000.0,135834001755,16690525.0,16690525.0,0.77,4.83,25.77,9771.46346959,7944.15,8140.63,8145.76,8143.2
8152.56,3405810000.0,136070506494,16690525.0,16690525.0,0.74,5.01,25.95,9820.50806281,7946.14,8170.12,8173.5,8171.81
8180.87,3428110000.0,136543113427,16690537.0,16690537.0,0.92,5.36,26.31,9840.80788330,7949.92,8178.85,8181.99,8180.42
8156.41,3438340000.0,136134862892,16690537.0,16690537.0,0.33,5.02,25.87,9857.23230015,7951.19,8157.75,8161.72,8159.74
8127.75,3446830000.0,135656512102,16690537.0,16690537.0,-0.11,4.62,25.4,9951.45688360,7953.20,8156.99,8159.63,8158.31
8148.78,3464630000.0,136008027468,16690600.0,16690600.0,0.09,4.88,25.66,9904.93513328,7955.97,8159.92,8164.51,8162.22
8150.18,3465260000.0,136031394308,16690600.0,16690600.0,0.17,4.88,25.63,9812.00910647,7958.43,8150.53,8154.08,8152.31
8151.34,3467280000.0,136050853220,16690612.0,16690612.0,-0.04,4.88,25.6,9760.25102435,7959.96,8158.91,8161.87,8160.39
8191.68,3500210000.0,136724152508,16690612.0,16690612.0,0.4,5.38,26.17,9928.70815170,7964.53,8202.41,8202.98,8202.7
8202.11,3512360000.0,136898645697,16690662.0,16690662.0,0.49,5.49,26.33,9967.26918586,7965.75,8212.89,8214.87,8213.88
8231.91,3532560000.0,137396027424,16690662.0,16690662.0,0.86,5.87,26.74,10036.92039095,7967.73,8230.85,8233.4,8232.13
8211.33,3555450000.0,137052533600,16690662.0,16690662.0,0.72,5.59,26.4,10131.23233894,7970.32,8214.91,8217.48,8216.2
8224.76,3571240000.0,137276689191,16690662.0,16690662.0,0.95,5.74,26.55,10251.34491335,7973.27,8226.06,8231.27,8228.67
8242.74,3603530000.0,137576787294,16690662.0,16690662.0,1.04,5.94,26.79,10440.81150952,7977.65,8241.63,8243.58,8242.61
8228.46,3618870000.0,137338444641,16690662.0,16690662.0,0.69,5.75,26.52,10483.15028256,7979.94,8235.85,8239.27,8237.56
8223.01,3615050000.0,137247480533,16690662.0,16690662.0,0.57,5.68,26.41,10342.84720471,7989.52,8219.74,8224.96,8222.35
8197.88,3634680000.0,136828355716,16690700.0,16690700.0,-0.02,5.33,25.96,10407.23733433,7991.43,8207.96,8209.53,8208.74
