date,open,high,low,close,volume,change
12/15/2018,3247.8,3282.3,3177,3200.8,359110,0.014683829
12/14/2018,3315.4,3336.6,3199.1,3247.8,445560,0.020783299
12/13/2018,3466.2,3474.4,3284.8,3315.3,435890,0.04548608
12/12/2018,3390.2,3510.2,3379.4,3466.1,391170,-0.016848908
12/11/2018,3460.4,3485.9,3349.9,3407.7,418530,0.015494322
12/10/2018,3566.9,3622.4,3412.7,3460.5,394490,0.030920387
12/9/2018,3430.3,3677.6,3424.2,3567.5,327930,-0.038430273
12/8/2018,3422.3,3507.7,3302.9,3430.4,424400,-0.002390392
12/7/2018,3508.9,3626.6,3251.8,3422.2,639330,0.025246917
12/6/2018,3771.4,3887.2,3505.7,3508.6,467540,0.074958673
12/5/2018,3958.1,3974.1,3765.2,3771.6,341600,0.049554566
12/4/2018,3899.9,4082.9,3809.3,3958.5,326710,-0.015334091
12/3/2018,4160.3,4177,3839.9,3897.8,355100,0.067371338
12/2/2018,4196.2,4316.1,4105.3,4160.4,298630,0.008604942
12/1/2018,4038.7,4299.1,3967.1,4196.2,316300,-0.037295648
11/30/2018,4296.8,4340.6,3954.5,4039.7,444520,0.063569077
11/29/2018,4265.5,4440.1,4140.6,4296.5,414460,-0.00723845
11/28/2018,3866.4,4391.8,3866.4,4265.4,533040,-0.093519951
11/27/2018,3840.3,3920.6,3687.8,3866.5,457270,-0.007629639
11/26/2018,4061,4179,3679.8,3837,571040,0.058691686
11/25/2018,3920.3,4198.4,3634.2,4062.2,619950,-0.034907193
11/24/2018,4397.3,4494.6,3821.5,3920.4,382720,0.121824304
11/23/2018,4360.9,4455.6,4223.7,4398,348990,-0.009549795
11/22/2018,4646.4,4695.7,4346.7,4356,261850,0.06489899
11/21/2018,4523,4743.7,4393,4638.7,412740,-0.024597409
11/20/2018,4883.6,5013.4,4272.3,4524.6,714080,0.079388233
11/19/2018,5660.4,5662.5,4831.1,4883.8,478260,0.158585528
11/18/2018,5621,5727.9,5615.5,5658.3,158680,-0.006450701
11/17/2018,5636.2,5645.5,5561.4,5621.8,156510,0.002561457
11/16/2018,5723.5,5747.7,5539.7,5636.2,224120,0.014673007
11/15/2018,5854,5878.5,5384.1,5718.9,375860,0.021595062
11/14/2018,6428.9,6453.3,5619.2,5842.4,438210,0.100438176
11/13/2018,6435,6466.8,6386.7,6429.2,137600,0.000902134
11/12/2018,6445,6475.9,6409.4,6435,130160,0.001724942
11/11/2018,6427.1,6451.7,6359,6446.1,127400,-0.002947519
11/10/2018,6411.9,6461.7,6411.7,6427.1,115870,-0.002349427
11/9/2018,6473.8,6496.1,6390,6412,151600,0.00966937
11/8/2018,6565.3,6577.3,6466.3,6474,159300,0.014102564
11/7/2018,6503.1,6594.3,6502,6565.3,170760,-0.009519748
11/6/2018,6460.4,6509.6,6441.6,6502.8,154870,-0.006627914
11/5/2018,6478.2,6489.2,6431.7,6459.7,128510,0.00286391
11/4/2018,6386.2,6508.9,6359.7,6478.2,128760,-0.014201476
11/3/2018,6424.5,6429.5,6346.2,6386.2,112840,0.006028624
11/2/2018,6400.5,6444.3,6390.9,6424.7,135870,-0.003766713
11/1/2018,6365.9,6421.8,6354.2,6400.5,124160,-0.005405828
10/31/2018,6327.9,6405.7,6257.8,6365.9,129060,-0.006314897
10/30/2018,6336.7,6469.9,6316.5,6325.7,128210,0.001470193
10/29/2018,6486.1,6498.4,6310.5,6335,160520,0.023851618
10/28/2018,6494.6,6502.2,6461.2,6486.1,93970,0.001248824
10/27/2018,6510,6534,6473.7,6494.2,76720,0.00243294
10/26/2018,6507,6570.5,6498.5,6510,97170,-0.000460829
10/25/2018,6532.5,6544.8,6491.5,6507,97430,0.003642231
10/24/2018,6531.2,6593.8,6522.6,6530.7,98740,-0.000306246
10/23/2018,6558.6,6573.6,6500.5,6528.7,108860,0.004150903
10/22/2018,6583,6612.7,6529.5,6555.8,101570,0.004148998
10/21/2018,6575.9,6643.1,6568,6583,92940,-0.001640589
10/20/2018,6511.7,6593.7,6495.9,6572.2,97770,-0.009159794
10/19/2018,6576.4,6603.2,6506.9,6512,121440,0.009536241
10/18/2018,6690.1,6736.3,6530.6,6574.1,134150,0.017112609
10/17/2018,6718.9,6745.9,6637.8,6686.6,136710,0.002796638
10/16/2018,6712.4,6836.7,6645.4,6705.3,155850,-0.000820247
10/15/2018,6326.8,7358.4,6300.2,6699.8,443330,-0.055673304
10/14/2018,6321.6,6390.9,6300,6326.8,99380,-0.000806095
10/13/2018,6291.3,6329.3,6282.8,6321.7,94450,-0.004808833
10/12/2018,6239.2,6344.8,6206.8,6291.3,147400,-0.008297172
10/11/2018,6618,6622.5,6206.2,6239.1,245280,0.060729913
10/10/2018,6650.6,6653.5,6526,6618,101930,0.00495618
10/9/2018,6669.6,6678.9,6613.3,6650.8,80790,0.002826728
10/8/2018,6611,6699.5,6589.9,6669.6,119680,-0.008786134
10/7/2018,6596.3,6633.9,6523.8,6611,77060,-0.002223567
10/6/2018,6639.1,6661.5,6550.4,6596.3,9180000,0.006488486
10/5/2018,6584.2,6682.3,6537.6,6639.1,9340000,-0.008269193
10/4/2018,6509.2,6653,6487.8,6584.2,9310000,-0.011603536
10/3/2018,6549.9,6563.5,6429.6,6507.8,9210000,0.00646916
10/2/2018,6608.2,6645.7,6034.9,6549.9,9340000,0.008900899
10/1/2018,6635.2,6674.7,6072.7,6608.2,9190000,0.004085833
9/30/2018,6603.9,6673.9,6533.5,6635.2,9340000,-0.004717265
9/29/2018,6633.9,6648.4,6464.4,6603.9,9420000,0.004860764
9/28/2018,6685.7,6809.2,6538.6,6636,9570000,0.008016878
9/27/2018,6463.7,6738.3,6428.8,6689.2,9340000,-0.03305328
9/26/2018,6443,6551.9,6384.1,6468.1,8640000,-0.003555913
9/25/2018,6590.6,6590.6,5977,6445.1,7340000,0.021566772
9/24/2018,6713.3,6728.1,6559.1,6584.1,7570000,0.018225726
9/23/2018,6729.6,6789.4,6666.4,6704.1,7340000,0.003803643
9/22/2018,6766.7,6833.3,6635.5,6729.6,7310000,0.005512958
9/21/2018,6490.9,6780.5,6489.8,6766.7,7730000,-0.04100965
9/20/2018,6390.4,6537.5,6346.4,6489.2,5180000,-0.015225297
9/19/2018,6342,6478.7,6144.5,6390.4,3540000,-0.007573861
9/18/2018,6251.9,6388.8,6228.8,6342,2820000,-0.014206875
9/17/2018,6500.2,6533.5,6215.9,6251.9,3260000,0.039715926
9/16/2018,6519,6520.8,6406.2,6500.2,3340000,0.002892219
9/15/2018,6482.6,6562.9,6470.3,6519,3160000,-0.005414941
9/14/2018,6482.9,6579.4,6412.1,6483.7,3200000,-0.000123386
9/13/2018,6338,6867.3,6337.8,6482.9,3530000,-0.022351108
9/12/2018,6293.9,6353.5,6204.5,6338,3040000,-0.006958031
9/11/2018,6320.7,6391.8,6189.6,6293.9,3300000,0.004305756
9/10/2018,6238.5,6358.5,6237.3,6321,3110000,-0.013051732
9/9/2018,6184.3,6432.6,6148.8,6238.5,2840000,-0.008687986
9/8/2018,6390.9,6484.3,6132.3,6184.3,3460000,0.033407176
9/7/2018,6514.1,6540.6,6316.2,6390.9,3300000,0.019261763
9/6/2018,6706.8,6732.9,6337.8,6514,4020000,0.029597789
9/5/2018,7377.5,7407.5,6691.8,6706.8,4550000,0.100002982
9/4/2018,7264.2,7409.9,7234.5,7377.5,3920000,-0.015357506
9/3/2018,7289.8,7330.7,7182.8,7264.2,3870000,0.004088544
9/2/2018,7189.6,7334.8,7117.3,7293.9,3900000,-0.01429962
9/1/2018,7032.4,7264.3,7020.4,7189.6,3520000,-0.02167019
8/31/2018,6993.7,7080.2,6698,7033.8,4210000,-0.005701044
8/30/2018,7029.2,7050.2,6798,6993.7,3740000,0.005061698
8/29/2018,7074.6,7121.4,6926.7,7029.1,4110000,0.00647309
8/28/2018,6897.6,7129.7,6861.2,7074.6,3790000,-0.025019082
8/27/2018,6712.7,6902.9,6650.4,6897.6,3260000,-0.026806425
8/26/2018,6734.9,6892.7,6573.1,6712.7,3370000,0.003292267
8/25/2018,6680.6,6783.4,6655.3,6734.8,3590000,-0.008077448
8/24/2018,6521.2,6721.2,6472.8,6680.4,3700000,-0.023830908
8/23/2018,6359.9,6550.2,6359.2,6521.2,2760000,-0.024780715
8/22/2018,6482.2,6840.8,6304.8,6359.6,3630000,0.019277942
8/21/2018,6268.1,6484.1,6257.4,6482.2,1460000,-0.03302891
8/20/2018,6474.2,6516.4,6255.9,6268.1,3100000,0.034045405
8/19/2018,6379.1,6534.8,6316,6481.5,2710000,-0.015798812
8/18/2018,6581.8,6626.4,6295.5,6379.1,3150000,0.031759966
8/17/2018,6306.7,6581.7,6291.8,6581.7,3200000,-0.041782518
8/16/2018,6256.9,6470.9,6249.8,6306.7,3500000,-0.007896364
8/15/2018,6190.2,6592.8,6177.9,6256.9,3740000,-0.010660231
8/14/2018,6255.3,6255.3,5898.3,6190.2,3660000,0.010516623
8/13/2018,6313,6524.1,6159.6,6255.3,234090,0.009224178
8/12/2018,6232.1,6453,6169.8,6313,216330,-0.012894028
8/11/2018,6152.8,6469.6,6009.8,6231.6,247340,-0.012725464
8/10/2018,6539.5,6570.2,6043.4,6152.3,298820,0.062822034
8/9/2018,6283.7,6620.2,6197,6538.8,237660,-0.039028568
8/8/2018,6725.2,6725.2,6138.8,6283.6,311540,0.070230441
8/7/2018,6943.6,7149.7,6689.9,6724.9,232480,0.03252093
8/6/2018,7027.8,7143.6,6852.5,6943.6,168870,0.012025462
8/5/2018,7014,7087.6,6887.9,7027.1,177640,-0.00182152
8/4/2018,7418.9,7484.2,6949.7,7014.3,222570,0.05769642
8/3/2018,7535.6,7535.6,7293.5,7419,226460,0.015716404
8/2/2018,7606.4,7701.4,7470.6,7535.6,216340,0.009395403
8/1/2018,7728.5,7753.2,7449.2,7606.4,237690,0.016170593
7/31/2018,8176.4,8176.5,7649.8,7729.4,266940,0.057921702
7/30/2018,8214.7,8262,7874.4,8177.1,242210,0.004708271
7/29/2018,8231.5,8275.4,8113.3,8215.6,155240,0.002251814
7/28/2018,8186.8,8234.1,8077.4,8234.1,147140,-0.005671537
7/27/2018,7936.9,8273.8,7808.3,8187.4,243220,-0.03058358
7/26/2018,8173.9,8304.3,7861,7937,235450,0.029822351
7/25/2018,8404.9,8484.6,8062.1,8173.7,269230,0.028542765
7/24/2018,7723.1,8479.8,7701.9,8407,345320,-0.081360771
7/23/2018,7412.4,7809.6,7379.2,7723,272150,-0.04023048
7/22/2018,7409,7575.3,7343.7,7412.3,204160,-0.000485679
7/21/2018,7339.3,7460.8,7223.5,7408.7,160770,-0.009353868
7/20/2018,7477.6,7683.6,7292,7339.4,258850,0.018816252
7/19/2018,7383.9,7558.4,7288.8,7477.5,247250,-0.012557673
7/18/2018,7321.6,7581.2,7249.3,7383.6,333320,-0.008342814
7/17/2018,6729.8,7453.2,6666,7322,337750,-0.080865884
7/16/2018,6362.8,6749.2,6344.1,6729.9,312120,-0.054532757
7/15/2018,6254.8,6399.6,6238.5,6362.9,180670,-0.016989109
7/14/2018,6229.5,6313.5,6192.5,6254.8,243710,-0.003932979
7/13/2018,6250.8,6333.8,6144.5,6230.2,233220,0.003274373
7/12/2018,6389.1,6389.4,6088.8,6250.6,289240,0.022157873
7/11/2018,6307.2,6409.7,6296.6,6389.1,243820,-0.012818707
7/10/2018,6668.4,6686.8,6291.5,6307.2,315270,0.057061771
7/9/2018,6715.1,6793.8,6637.7,6667.1,289480,0.007154535
7/8/2018,6765.4,6784,6694.3,6714.8,267600,0.007550485
7/7/2018,6617.7,6805.9,6531.1,6765.5,114570,-0.021846131
7/6/2018,6546.5,6638.2,6458.3,6617.7,132690,-0.010759025
7/5/2018,6598,6693.6,6466.1,6546.5,166180,0.0079279
7/4/2018,6513.8,6774.5,6442.3,6598.4,143040,-0.012866756
7/3/2018,6618.6,6676.6,6513.5,6513.5,150190,0.016273893
7/2/2018,6349.1,6680,6275,6619.5,179920,-0.038175089
7/1/2018,6398.5,6445.1,6284.7,6366.8,128510,0.005041779
6/30/2018,6213.4,6498.5,6204,6398.9,189330,-0.029004985
6/29/2018,5883.2,6284.9,5818.5,6213.3,206960,-0.053079684
6/28/2018,6154.9,6178.4,5854,5883.5,156050,0.046129005
6/27/2018,6081.1,6187.3,6025.4,6154.9,133420,-0.011827974
6/26/2018,6256.9,6267.7,6060,6082.1,176660,0.028690748
6/25/2018,6155.1,6331.2,6101.7,6256.6,210690,-0.016302784
6/24/2018,6167.9,6248.3,5785.3,6154.6,240600,0.002063497
6/23/2018,6055.2,6259,6032.8,6167.3,142900,-0.018095439
6/22/2018,6728.2,6739.7,5955,6055.7,278220,0.11101937
6/21/2018,6765.8,6797.5,6695.1,6728,99290,0.005558859
6/20/2018,6752.3,6812.7,6575.1,6765.4,121480,-0.001921542
6/19/2018,6719.8,6839.5,6681.5,6752.4,120540,-0.004827913
6/18/2018,6460.5,6794.5,6410.9,6719.8,135700,-0.038617221
6/17/2018,6505.8,6593,6452.1,6460.3,90670,0.007043017
6/16/2018,6410,6564.2,6358,6505.8,108790,-0.014679209
6/15/2018,6647.3,6655.8,6395.7,6410.3,143530,0.036940549
6/14/2018,6312.3,6711.5,6283.6,6647.1,201540,-0.05036783
6/13/2018,6558.5,6624.6,6129.1,6312.3,237480,0.03895569
6/12/2018,6885.9,6887.2,6476,6558.2,178260,0.049967979
6/11/2018,6775.2,6910.8,6657.2,6885.9,174880,-0.016090852
6/10/2018,7515.8,7516.3,6668.1,6775.1,275690,0.1093268
6/9/2018,7622.1,7689,7493.3,7515.8,97560,0.014143538
6/8/2018,7697.9,7710.5,7556.9,7622.1,112880,0.009931646
6/7/2018,7661,7754.7,7657.7,7697.8,124000,-0.004780587
6/6/2018,7631.5,7699.1,7504.4,7661,130660,-0.003850672
6/5/2018,7507.4,7672.6,7391,7631.5,145230,-0.016667759
6/4/2018,7729.3,7759.9,7468.4,7504.3,141010,0.02998281
6/3/2018,7646.6,7775,7611.3,7729.3,116680,-0.010699546
6/2/2018,7530.8,7694.5,7467.9,7646.6,121180,-0.015143986
6/1/2018,7502.5,7610.4,7375.8,7530.8,135920,-0.003744622
5/31/2018,7400.8,7611.9,7355,7502.6,144520,-0.013661931
5/30/2018,7469.2,7565.2,7306.8,7400.1,140370,0.009135012
5/29/2018,7119.3,7533,7069.8,7467.7,186970,-0.046654258
5/28/2018,7367.3,7446.9,7090.6,7119.3,152290,0.034750608
5/27/2018,7361.9,7411.8,7267.5,7366.7,103290,-0.000733028
5/26/2018,7478.5,7619.3,7331.5,7361.3,103070,0.015812424
5/25/2018,7593.9,7653.4,7355.6,7477.7,161820,0.015405807
5/24/2018,7512.3,7736.6,7293.4,7592.9,211110,-0.01061518
5/23/2018,8005.7,8047.4,7467.6,7512.3,237600,0.065718888
5/22/2018,8403.8,8414.5,7979.3,8006,137510,0.049625281
5/21/2018,8529.5,8550.6,8375.5,8403.3,115520,0.014958409
5/20/2018,8243.9,8580.4,8184.7,8529,113760,-0.033286435
5/19/2018,8244.7,8389.1,8153.2,8245.1,107890,7.27705E-05
5/18/2018,8064.4,8273.6,7939.8,8245.7,150320,-0.022157003
5/17/2018,8344.6,8458.7,8022.3,8063,154360,0.034900161
5/16/2018,8477,8496.4,8120.1,8344.4,188030,0.015890897
5/15/2018,8674,8842.1,8436.5,8477,179620,0.02325115
5/14/2018,8693.4,8878.3,8305.1,8674.1,212050,0.002236543
5/13/2018,8489.1,8758.4,8330,8693.5,149800,-0.026916662
5/12/2018,8409.6,8646.1,8184.1,8459.5,210870,-0.006052367
5/11/2018,9026,9028.7,8359.6,8408.3,270620,0.073427447
5/10/2018,9319.2,9393.3,9013.4,9025.7,152710,0.032507174
5/9/2018,9194.9,9377.9,8988,9319.1,147890,-0.013166507
5/8/2018,9373.9,9404.4,9079.8,9196.4,157450,0.025575225
5/7/2018,9651.1,9675.6,9204.2,9431.6,165080,0.023834768
5/6/2018,9859.6,9957.7,9446.7,9656.4,150950,0.020411333
5/5/2018,9709.5,9992.8,9691.3,9853.5,158450,-0.014705435
5/4/2018,9747.6,9800.9,9549,9708.6,161550,0.00423336
5/3/2018,9244.2,9809.4,9171.4,9749.7,201180,-0.051950316
5/2/2018,9076.8,9265.7,8991.9,9243.2,137480,-0.01820798
5/1/2018,9245.1,9245.1,8851,9074.9,173350,0.018755028
4/30/2018,9415.8,9456.7,9135.4,9245.1,156830,0.018388119
4/29/2018,9352.2,9565.1,9182.8,9415.1,184720,-0.006659515
4/28/2018,8940.8,9428.9,8895.5,9352.4,199780,-0.043999401
4/27/2018,9282.8,9386.3,8920.2,8940.9,184910,0.03870975
4/26/2018,8874.5,9303.6,8669.8,9287,248390,-0.044567675
4/25/2018,9645,9753.1,8768.1,8873.1,395670,0.087027082
4/24/2018,8952.7,9734.8,8937,9645.3,260790,-0.071796626
4/23/2018,8809.3,9001,8785.3,8952.8,147540,-0.016318917
4/22/2018,8923.6,9022.3,8766.5,8806.7,161890,0.01321721
4/21/2018,8867,9027.7,8614.5,8923.1,206010,-0.006287053
4/20/2018,8292.3,8926.2,8224.5,8867,225960,-0.064982519
4/19/2018,8179,8303.7,8126.7,8290.8,155080,-0.013557196
4/18/2018,7908.5,8227.6,7895.3,8178.4,163260,-0.032989338
4/17/2018,8070,8171.7,7852.8,7908.6,162590,0.020408163
4/16/2018,8362.2,8412.9,7908.5,8070,197700,0.03638166
4/15/2018,8004.6,8411.5,8004.6,8363.6,160260,-0.042948013
4/14/2018,7891.1,8180.2,7839.3,8004.4,164710,-0.014616961
4/13/2018,7926.9,8228,7756.6,7887.4,296950,0.004969952
4/12/2018,6963.3,8009.6,6779.3,7926.6,398300,-0.121678904
4/11/2018,6855.6,6988.6,6818.4,6962.1,142070,-0.015412016
4/10/2018,6782.6,6899.5,6671.6,6854.8,134230,-0.010634884
4/9/2018,7035.7,7192.5,6633.2,6781.9,241190,0.036656394
4/8/2018,6905.9,7113.4,6903.9,7030.5,132510,-0.017751227
4/7/2018,6624.5,7071.9,6616.1,6905.7,177100,-0.040748947
4/6/2018,6783.7,6859.7,6523.4,6624.3,174900,0.023806289
4/5/2018,6808.7,6918.2,6592.5,6782,221700,0.003966382
4/4/2018,7423.8,7432.9,6726.9,6808.9,239510,0.09036702
4/3/2018,7067.2,7519.3,7032.9,7424.2,230800,-0.047924355
4/2/2018,6825.4,7121.3,6787.6,7068.4,199310,-0.034406655
4/1/2018,6939.1,7047.7,6460.1,6825.2,257530,0.016556291
3/31/2018,6856.5,7221.5,6804.9,6938.2,245300,-0.012178951
3/30/2018,7132.4,7288.1,6603.8,6853.7,417310,0.040197266
3/29/2018,7955.2,7980.7,6954.9,7129.2,348750,0.115819447
3/28/2018,7803,8110.4,7754.5,7954.9,167360,-0.01925857
3/27/2018,8146.5,8218.3,7760.6,7801.7,223100,0.043810964
3/26/2018,8474,8515.7,7865.9,8143.5,247180,0.040486277
3/25/2018,8549.1,8679,8392.2,8473.2,149520,0.008757022
3/24/2018,8917.3,9008.8,8523.6,8547.4,177430,0.043217821
3/23/2018,8725.3,8917,8305.6,8916.8,210110,-0.021375381
3/22/2018,8903.7,9096.2,8499.1,8726.2,223010,0.020593156
3/21/2018,8912.4,9173.4,8775.1,8905.9,218190,0.00075231
3/20/2018,8614.1,9039.6,8326.8,8912.6,253440,-0.033188968
3/19/2018,8200.9,8698.3,8127.7,8616.8,316960,-0.048231362
3/18/2018,7873.2,8283.6,7323.3,8201.2,348020,-0.03978686
3/17/2018,8198,8344.8,7760.2,7874.9,208050,0.052610192
3/16/2018,8264.3,8604.8,7929.1,8289.2,236130,-0.002991845
3/15/2018,8210.2,8427,7691.7,8264.4,326530,-0.006509849
3/14/2018,9154.9,9353.4,7958.5,8210.6,305450,0.115009865
3/13/2018,9138.7,9482,8875.1,9154.9,239460,-0.001911545
3/12/2018,9535.8,9892.2,8804.1,9137.4,257910,0.042922494
3/11/2018,8732.2,9719.6,8516.4,9529.6,266590,-0.080549026
3/10/2018,9216.2,9500,8691.1,8762,198730,0.051928783
3/9/2018,9301.9,9420.5,8351,9217,371460,0.009005099
3/8/2018,9910.7,10109,9037,9300,256260,0.064827957
3/7/2018,10779,10899,9422.1,9902.9,284540,0.077977158
3/6/2018,11314.2,11316.4,10412,10675.1,230650,0.061404577
3/5/2018,11415.7,11506.9,11281.2,11330.6,162110,0.00758124
3/4/2018,11402.8,11490.3,10878.4,11416.5,156400,-0.001243814
3/3/2018,10822.5,11420.7,9585.5,11402.3,172200,-0.050393342
3/2/2018,10904.5,11167,10677.1,10827.7,201690,0.007092919
3/1/2018,10335.1,11047.8,10248.7,10904.5,188770,-0.052327021
2/28/2018,10584.4,11070.7,10303.4,10333.9,215220,0.025208295
2/27/2018,10287.8,10867.2,10120.5,10594.4,202580,-0.029194669
2/26/2018,9590.9,10378.4,9410.3,10285.1,235940,-0.068049897
2/25/2018,9703.1,9860.3,9330.1,9585.2,196490,0.012425406
2/24/2018,10163.8,10506.1,9394.5,9704.3,239160,0.048030255
2/23/2018,9840.6,10419.1,9597.8,10170.4,271500,-0.032319279
2/22/2018,10470.1,10930.2,9743.9,9841.7,316630,0.064145422
2/21/2018,11240.9,11289.7,10252.2,10473,327140,0.073111811
2/20/2018,11169.7,11791.5,11119.9,11238.7,267560,-0.006166194
2/19/2018,10396.6,11250.5,10324.8,11169.4,215200,-0.068992068
2/18/2018,11073.7,11271.6,10137.2,10398.8,288910,0.064882486
2/17/2018,10177.3,11095.9,10070.9,11073.5,224760,-0.080805527
2/16/2018,10031.3,10294.3,9707.7,10178.7,206440,-0.013891754
2/15/2018,9475.6,10206.8,9348.5,10037.3,291280,-0.055891525
2/14/2018,8542.6,9500,8541.6,9476.3,246880,-0.098888807
2/13/2018,8906.2,8942.7,8378,8539.2,195870,0.042662076
2/12/2018,8083.6,8984.9,8083.6,8903.5,238670,-0.092278318
2/11/2018,8559.7,8564.2,7843.7,8081.9,236200,0.059107388
2/10/2018,8697.3,9066.6,8172.2,8559.6,263530,0.01637927
2/9/2018,8163.6,8735.6,7784.6,8699.8,233940,-0.061564634
2/8/2018,7595.1,8489.9,7595.1,8164.2,296100,-0.069755763
2/7/2018,7693.8,8536.5,7196.6,7594.7,445620,0.014022937
2/6/2018,6939.3,7896.2,5996.6,7701.2,886880,-0.099036514
2/5/2018,8220.8,8383.2,6651.9,6938.5,593890,0.18501117
2/4/2018,9241.5,9382.1,7932.1,8222.2,280940,0.123920605
2/3/2018,8894.4,9506.9,8249.3,9241.1,248710,-0.037647033
2/2/2018,9179.8,9201.4,7915.8,8893.2,519400,0.032373049
2/1/2018,10266.2,10303,8789.2,9181.1,358400,0.118101317
1/31/2018,10166.3,10397.7,9742.2,10265.4,208470,-0.009683013
1/30/2018,11244.5,11277.2,9917.7,10166,264720,0.106118434
1/29/2018,11794.9,11888.1,11119,11244.8,137420,0.048938176
1/28/2018,11471.2,12112.7,11433.3,11795.1,154630,-0.027774245
1/27/2018,11118,11621.7,10908.4,11467.5,163490,-0.030468716
1/26/2018,11203.1,11655.3,10389.4,11118.1,253910,0.007636197
1/25/2018,11439.9,11740.9,10983.8,11203,181810,0.022252968
1/24/2018,10899.4,11549.5,10584.5,11452.3,136060,-0.047946701
1/23/2018,10869,11438,10056.6,10903.2,188370,-0.003521902
1/22/2018,11597.5,11970.9,10136.8,10864.8,201730,0.06719866
1/21/2018,12857.1,12860.2,11164.5,11594.9,206960,0.109013446
1/20/2018,11579.2,13082.2,11567.3,12858.9,143900,-0.099440854
1/19/2018,11229.6,11973.2,10901.5,11580.2,170740,-0.028911418
1/18/2018,11202,12004.7,10660.2,11245.4,242450,-0.004721931
1/17/2018,11357.7,11769.6,9271.3,11192.3,361800,0.01516221
1/16/2018,13704.4,13711,10050.7,11362,317100,0.2055536
1/15/2018,13695.5,14396.6,13475.4,13697.5,73270,-0.000167914
1/14/2018,14291.9,14446.1,13094.7,13695.2,85120,0.043591915
1/13/2018,13896,14640.7,13888.2,14292.2,61140,-0.028372119
1/12/2018,13529.2,14176.4,13410,13886.7,82370,-0.025297587
1/11/2018,15046.7,15109.1,13048.3,13535.4,167810,0.111382006
1/10/2018,14778.5,15045.4,13613.1,15043,87070,-0.017582929
1/9/2018,14976.2,15324.6,14613.4,14778.5,71400,0.013377542
1/8/2018,16228.3,16302.9,13902.3,14976.2,142450,0.083599311
1/7/2018,17174.5,17184.8,15791.1,16228.2,79010,0.058176508
1/6/2018,16954.8,17252.8,16286.6,17172.3,83930,-0.012665747
1/5/2018,15180.1,17126.9,14832.4,16954.8,141960,-0.104672423
1/4/2018,15156.5,15408.7,14244.7,15180.1,110970,-0.001548079
1/3/2018,14754.1,15435,14579.7,15156.6,106540,-0.026556088
1/2/2018,13444.9,15306.1,12934.2,14754.1,137730,-0.088734657
1/1/2018,13850.5,13921.5,12877.7,13444.9,78430,0.030160135
12/31/2017,12532.4,14241.8,12359.4,13850.4,111270,-0.095224687
12/30/2017,14392.1,14461.5,11962.1,12531.5,182070,0.148513745
12/29/2017,14398.5,15109.8,13951.1,14392.6,118880,0.000423829
12/28/2017,15416.3,15505.5,13466.1,14398.7,170370,0.070693882
12/27/2017,15757,16514.6,14534.7,15416.6,138710,0.022054149
12/26/2017,13830.2,16094.7,13748.5,15756.6,143140,-0.122050442
12/25/2017,13790,14467.4,13010.7,13833.5,107480,-0.00314454
12/24/2017,14396.6,14413.7,12166.5,13790,182420,0.043981146
12/23/2017,13665,15493.2,13356.1,14396.5,170170,-0.050810961
12/22/2017,15632.1,15823.7,10875.7,13665,466980,0.143951701
12/21/2017,16461.1,17301.8,14953,15632.1,163740,0.053089476
12/20/2017,17521.7,17813.6,15642.7,16462,227680,0.064493986
12/19/2017,18971.2,19022,16812.8,17523.7,174540,0.082665191
12/18/2017,19065.7,19221.1,18114.4,18972.3,139250,0.004922967
12/17/2017,19346.6,19870.6,18750.9,19065.7,117410,0.014675569
12/16/2017,17594.1,19587.7,17318.5,19345.5,112170,-0.089979582
12/15/2017,16467.9,17987,16442.2,17604.8,153650,-0.064578978
12/14/2017,16286.8,16941.1,16023.6,16467.9,107920,-0.010997152
12/13/2017,17083.9,17268,15669.9,16286.8,155410,0.048941474
12/12/2017,16733.3,17560.7,16254.5,17083.9,132850,-0.020569074
12/11/2017,15060.5,17399.2,15024.6,16732.5,159730,-0.099979083
12/10/2017,14840,15783.2,13031,15059.6,201620,-0.014356291
12/9/2017,16048.2,16313.2,13151.5,14843.4,181980,0.081126966
12/8/2017,16868,17294.8,13906.1,16047.6,286760,0.050019941
12/7/2017,13750.1,16879.3,13401.6,16850.3,297110,-0.184014528
12/6/2017,11667.1,13843.2,11661.8,13749.6,191580,-0.151458952
12/5/2017,11624.4,11901.9,11486.1,11667.1,89690,-0.00370272
12/4/2017,11244.2,11624.6,10917.8,11623.9,93170,-0.032493397
12/3/2017,10912.7,11851.1,10578.4,11246.2,122130,-0.029654461
12/2/2017,10861.5,11175.2,10715.5,10912.7,86830,-0.004691781
12/1/2017,9947.1,10942.8,9420.9,10861.5,131920,-0.084214887
11/30/2017,9848,10689.1,9023.8,9946.8,187010,-0.010948245
11/29/2017,9906,11417.8,8938.7,9837.9,233330,0.006922209
11/28/2017,9732.6,9969.6,9638.2,9906,87760,-0.017443973
11/27/2017,9318.4,9733.6,9316.8,9733.2,106900,-0.042617022
11/26/2017,8754.6,9474.6,8746.6,9318.4,85890,-0.060493218
11/25/2017,8203.5,8762,8153.7,8754.7,84670,-0.063268873
11/24/2017,8013.4,8332.9,7900.2,8200.8,73000,-0.022851429
11/23/2017,8234.5,8266.5,8012.4,8013.4,68010,0.027591285
11/22/2017,8099.9,8304.4,8091.6,8234.5,65810,-0.016333718
11/21/2017,8245.9,8368.4,7819.1,8100,115450,0.017864198
11/20/2017,8042.6,8294.1,7947.3,8244.7,75700,-0.024512717
11/19/2017,7781,8100.9,7675.4,8042.6,68620,-0.032539229
11/18/2017,7700,7857.5,7458.9,7780.9,74380,-0.010397255
11/17/2017,7853.7,8000.2,7534.7,7700,117350,0.019961039
11/16/2017,7283,7964.6,7119.2,7853.7,133940,-0.072640921
11/15/2017,6597.1,7330.1,6596.9,7283.2,131120,-0.094203098
11/14/2017,6522.5,6728.6,6419.2,6597.1,96500,-0.011307999
11/13/2017,5878.1,6760.1,5828.3,6522.5,178340,-0.098796474
11/12/2017,6339.9,6490.5,5493.6,5878.1,269830,0.078562801
11/11/2017,6565.8,6821.5,6197.9,6339.9,135720,0.035631477
11/10/2017,7129.6,7319,6406,6565.8,222000,0.085869201
11/9/2017,7444.4,7457.1,7040.8,7129.6,126770,0.04415395
11/8/2017,7102.2,7869.1,7027,7444.4,220220,-0.045886841
11/7/2017,6959.3,7222.4,6957.8,7102.8,101050,-0.020217379
11/6/2017,7389.5,7429.7,6934.7,6959.2,159690,0.06183182
11/5/2017,7363.8,7599.4,7284.3,7389.5,105730,-0.003477908
11/4/2017,7147,7492.2,6957.8,7363.8,106600,-0.028748744
11/3/2017,7024.8,7445.6,6938.9,7152.1,154890,-0.017798968
11/2/2017,6737.8,7339.9,6737.8,7024.8,238800,-0.040855256
11/1/2017,6449.1,6738.7,6355,6737.8,133190,-0.042536139
10/31/2017,6124.3,6467.2,6090.8,6451.2,101250,-0.050672743
10/30/2017,6147.7,6226.2,6019,6124.3,78620,0.003788188
10/29/2017,5726.6,6295.4,5679.4,6147.5,163060,-0.068466856
10/28/2017,5764.6,5871,5654.8,5726.6,53230,0.0066357
10/27/2017,5887.6,5997.8,5692.3,5764.6,83930,0.021337127
10/26/2017,5734,5970.4,5689.9,5887.6,93680,-0.026088729
10/25/2017,5513.1,5748,5375.6,5734,105840,-0.03852459
10/24/2017,5903.6,5904.6,5463.4,5513.1,143740,0.070831293
10/23/2017,5982.9,6049,5644.2,5903.6,137140,0.013432482
10/22/2017,6006.6,6070.6,5723,5982.9,105030,0.00396129
10/21/2017,5993.1,6187.2,5874.5,6006.6,112940,-0.002247528
10/20/2017,5698.6,6075.3,5611.4,5993.1,123860,-0.049139844
10/19/2017,5576.7,5737.4,5517.6,5698.6,83060,-0.021549152
10/18/2017,5598.6,5601.3,5114.9,5575.8,122020,0.004089099
10/17/2017,5759.3,5773.3,5521.1,5598.6,65640,0.028703604
10/16/2017,5677.4,5795.3,5576.1,5759.3,61360,-0.012362614
10/15/2017,5824.7,5862.7,5448.2,5688.1,101640,0.024015049
10/14/2017,5637.3,5839.6,5568.9,5824.7,76220,-0.032173331
10/13/2017,5432.6,5852.8,5392,5637.3,215020,-0.03631171
10/12/2017,4824.2,5432.6,4815,5432.6,163920,-0.111990575
10/11/2017,4763.4,4874.9,4718.6,4824.2,70480,-0.012603126
10/10/2017,4777.5,4930,4722.8,4763.4,98490,0.002960071
10/9/2017,4611.7,4875.4,4556.1,4777.5,110190,-0.034704343
10/8/2017,4435.8,4622.9,4419.4,4611.7,71370,-0.038142117
10/7/2017,4371.9,4472.9,4319.5,4435.8,40200,-0.014405519
10/6/2017,4321.4,4422.1,4296.9,4371.9,61690,-0.011551042
10/5/2017,4218.7,4365.8,4143.4,4321.4,63610,-0.023765446
10/4/2017,4314.2,4355.3,4183.6,4218.7,64080,0.022637305
10/3/2017,4401.3,4436,4230.7,4314.2,81870,0.020189143
10/2/2017,4403.1,4477.4,4364.7,4401.3,71200,0.00040897
10/1/2017,4360.6,4412.6,4258.3,4403.1,60580,-0.00965229
9/30/2017,4172.8,4383.3,4164.3,4360.6,67490,-0.043067468
9/29/2017,4195.6,4237.5,4030.4,4172.8,97800,0.005463957
9/28/2017,4212.2,4274.6,4112.9,4195.6,92230,0.003956526
9/27/2017,3892.7,4232.4,3882.1,4212.2,117600,-0.075851099
9/26/2017,3932.8,3982.3,3858.8,3892.7,63250,0.010301333
9/25/2017,3667.5,3971.5,3665.7,3932.8,100200,-0.067458299
9/24/2017,3788,3790.9,3633.9,3667.5,49660,0.032856169
9/23/2017,3600.8,3813.4,3563.2,3788,67820,-0.049419219
9/22/2017,3617.3,3753.5,3505.8,3600.8,114720,0.004582315
9/21/2017,3882.2,3912.8,3576.5,3617.3,145130,0.073231416
9/20/2017,3908,4053,3846.8,3882.2,86650,0.006645716
9/19/2017,4100.3,4120.7,3852.2,3908,123220,0.049206755
9/18/2017,3689.6,4122.8,3689,4100.3,147930,-0.100163403
9/17/2017,3698.9,3796.6,3485.8,3689.6,96070,0.002520598
9/16/2017,3713.8,3893.7,3551.8,3698.9,169360,0.004028225
9/15/2017,3243.1,3824.4,2979.9,3713.8,448550,-0.126743497
9/14/2017,3870.3,3930.7,3219,3243.1,317590,0.193395208
9/13/2017,4158.9,4174.6,3752,3870.3,186540,0.074567863
9/12/2017,4217.9,4387.8,4075,4158.9,107040,0.014186444
9/11/2017,4245.9,4364.4,4134.6,4217.9,88760,0.006638375
9/10/2017,4335.1,4338.1,4032.1,4245.9,108080,0.021008502
9/9/2017,4326.5,4402.1,4185.3,4335.1,77090,-0.001983807
9/8/2017,4635.6,4699.6,4130.9,4326.5,180360,0.07144343
9/7/2017,4618.7,4690.5,4493.2,4635.6,70530,-0.003645699
9/6/2017,4409.1,4660,4401.5,4618.7,110930,-0.045380735
9/5/2017,4267.5,4496.7,4004.6,4409.1,158410,-0.032115398
9/4/2017,4612.9,4621,4098.6,4267.5,170400,0.080937317
9/3/2017,4573.8,4719.8,4397.7,4612.9,102820,-0.00847623
9/2/2017,4921.9,4976.5,4448.6,4573.8,160770,0.076107394
9/1/2017,4735.1,4925.2,4690.2,4921.9,102010,-0.037952823
8/31/2017,4583,4765.1,4580.1,4735.1,72290,-0.032121814
8/30/2017,4597.3,4644.1,4491.8,4583,68470,0.003120227
8/29/2017,4390.3,4647.8,4350.2,4597.3,100800,-0.045026429
8/28/2017,4345.8,4403.1,4195.2,4390.3,75490,-0.010135982
8/27/2017,4352.3,4408.2,4321.1,4345.8,42520,0.001495697
8/26/2017,4364.4,4379.3,4263.3,4352.3,46160,0.002780139
8/25/2017,4318.4,4461.7,4292.6,4364.4,82900,-0.010539822
8/24/2017,4141.1,4364.1,4111.7,4318.4,72360,-0.041056873
8/23/2017,4089.7,4255.6,4070.5,4141.1,96650,-0.012412161
8/22/2017,4005.1,4142.7,3612.2,4089.7,169140,-0.020686114
8/21/2017,4066.6,4097.3,3966.9,4005.1,90650,0.015355422
8/20/2017,4150.5,4182.3,4034.4,4066.6,70160,0.020631486
8/19/2017,4105.4,4189.7,3957.5,4150.5,113720,-0.010866161
8/18/2017,4278.9,4362.7,3978.3,4105.4,144400,0.042261412
8/17/2017,4387.4,4487.5,4194.1,4278.9,127480,0.025356984
8/16/2017,4161.7,4398.1,3938.6,4387.4,112900,-0.051442768
8/15/2017,4327.9,4436.5,3837.1,4161.7,211580,0.039935603
8/14/2017,4062.6,4336.7,3978.9,4327.9,128460,-0.061299938
8/13/2017,3871.6,4189.4,3847.3,4062.6,158590,-0.047014227
8/12/2017,3654.4,3967.3,3611.4,3871.6,123590,-0.056100837
8/11/2017,3425.7,3706.5,3409.8,3654.4,97560,-0.062582093
8/10/2017,3348.8,3453.8,3322.9,3425.7,71000,-0.022447967
8/9/2017,3429.4,3437.1,3251,3348.8,97060,0.024068323
8/8/2017,3401.9,3494.9,3357.1,3429.4,106940,-0.008018895
8/7/2017,3232,3425.1,3198.5,3401.9,88110,-0.049942679
8/6/2017,3262.8,3295.1,3166.5,3232,60660,0.009529703
8/5/2017,2878.5,3344,2875.9,3262.8,159400,-0.117782273
8/4/2017,2810,2892.7,2779.5,2878.5,68760,-0.023797117
8/3/2017,2720.5,2822.9,2717.6,2810,68100,-0.031850534
8/2/2017,2747,2773.8,2668.9,2720.5,81820,0.009740856
8/1/2017,2883.3,2946,2659.6,2747,123170,0.049617765
7/31/2017,2766.5,2916.3,2723.1,2883.3,91120,-0.040509139
7/30/2017,2733.5,2773.1,2621.7,2766.5,82720,-0.011928429
7/29/2017,2806.8,2812.1,2699.4,2733.5,84490,0.026815438
7/28/2017,2691.9,2843.8,2683.6,2806.8,138910,-0.040936298
7/27/2017,2559.2,2712.9,2547.7,2691.9,103830,-0.049296036
7/26/2017,2582.6,2631.7,2441.5,2559.2,135500,0.009143482
7/25/2017,2763.4,2779.1,2472.6,2582.6,205880,0.07000697
7/24/2017,2756.6,2798.9,2715.7,2763.4,83010,-0.002460737
7/23/2017,2836.5,2856.7,2675.6,2756.6,108230,0.028984981
7/22/2017,2675.1,2876.7,2658.6,2836.5,121920,-0.056901111
7/21/2017,2866,2874,2622.5,2675.1,193760,0.071361818
7/20/2017,2282.6,2932.8,2282.1,2866,310340,-0.203558967
7/19/2017,2320.2,2412.4,2243.1,2282.6,154320,0.016472444
7/18/2017,2233.4,2400.7,2164.6,2320.2,202620,-0.037410568
7/17/2017,1914.1,2233.8,1913.8,2233.4,176890,-0.142965882
7/16/2017,1975.1,2044.4,1809,1914.1,189640,0.031868763
7/15/2017,2234.2,2237.1,1974,1975.1,155320,0.131183231
7/14/2017,2362.4,2370.5,2165.4,2234.2,114410,0.057380718
7/13/2017,2403.1,2436.7,2335,2362.4,88170,0.017228242
7/12/2017,2324.3,2424.8,2262.1,2403.1,109520,-0.032790978
7/11/2017,2344,2412.8,2265.5,2324.3,146630,0.00847567
7/10/2017,2511.4,2530.3,2271.8,2344,123800,0.071416382
7/9/2017,2564.9,2576.7,2509.6,2511.4,39160,0.021302859
7/8/2017,2513.9,2568.7,2480.6,2564.9,54510,-0.019883816
7/7/2017,2614.2,2617.5,2484.7,2513.9,90450,0.039898166
7/6/2017,2627.9,2634.8,2581.8,2614.2,60160,0.005240609
7/5/2017,2617.3,2642.7,2562,2627.9,89720,-0.004033639
7/4/2017,2572.5,2658.7,2570,2617.3,80680,-0.017116876
7/3/2017,2536.5,2617.5,2506.3,2572.5,83420,-0.013994169
7/2/2017,2424.6,2555.3,2375.9,2536.5,67760,-0.044115908
7/1/2017,2480.6,2529.6,2387.5,2424.6,66320,0.023096593
6/30/2017,2558.4,2576.3,2469.5,2480.6,73000,0.03136338
6/29/2017,2577.7,2605.9,2526.5,2558.4,75320,0.007543777
6/28/2017,2583.8,2616.9,2490.1,2577.7,110420,0.002366451
6/27/2017,2446.1,2585.1,2309.6,2583.8,159260,-0.053293599
6/26/2017,2541.6,2584.8,2327.3,2446.1,165830,0.03904174
6/25/2017,2590.1,2660.7,2472.4,2541.6,86970,0.019082468
6/24/2017,2710.4,2741.6,2540.4,2590.1,86960,0.046446083
6/23/2017,2722.8,2759.7,2699.5,2710.4,56940,0.00457497
6/22/2017,2677.6,2757.3,2623.2,2722.8,78300,-0.016600558
6/21/2017,2754.4,2804.4,2624.4,2677.6,116030,0.028682402
6/20/2017,2616.8,2800.5,2614,2754.4,111300,-0.049956433
6/19/2017,2539.6,2617.8,2518.8,2616.8,81830,-0.029501681
6/18/2017,2655.1,2676,2488.6,2539.6,92000,0.045479603
6/17/2017,2508.6,2690.7,2454.8,2655.1,95950,-0.055176829
6/16/2017,2442.5,2536.4,2335.3,2508.6,117210,-0.026349358
6/15/2017,2467.3,2521.6,2125.6,2442.5,262790,0.010153531
6/14/2017,2713,2803.7,2349,2467.3,174190,0.09958254
6/13/2017,2656.8,2784.8,2647.4,2713,116740,-0.020715076
6/12/2017,2973.4,2985.1,2483.6,2656.8,217960,0.119165914
6/11/2017,2900.3,2977.9,2867.3,2973.4,83030,-0.024584651
6/10/2017,2811.4,2914.2,2807.4,2900.3,86520,-0.030652002
6/9/2017,2798.8,2852.1,2786.1,2811.4,67050,-0.004481753
6/8/2017,2691.5,2808.4,2623.6,2798.8,95420,-0.038337859
6/7/2017,2870.5,2880.9,2626.6,2691.5,122680,0.066505666
6/6/2017,2705,2931.2,2699.7,2870.5,192230,-0.057655461
6/5/2017,2524.1,2705.4,2523.9,2705,86690,-0.066876155
6/4/2017,2545.4,2559.8,2478.2,2524.1,59480,0.008438651
6/3/2017,2492.6,2582.8,2449.9,2545.4,70960,-0.020743302
6/2/2017,2412.6,2494,2385.6,2492.6,83030,-0.032095001
6/1/2017,2303.3,2460.8,2303.3,2412.6,122700,-0.045303822
5/31/2017,2192.6,2330.6,2168.4,2303.3,117750,-0.048061477
5/30/2017,2278.2,2329.3,2147.1,2192.6,120960,0.039040409
5/29/2017,2189,2337.4,2117.3,2278.2,92240,-0.039153718
5/28/2017,2052.4,2300.5,2051.1,2189,125000,-0.062402924
5/27/2017,2244.9,2322.4,1868.6,2052.4,222950,0.093792633
5/26/2017,2307,2616.5,2051.4,2244.9,191490,0.027751793
5/25/2017,2445.3,2781.8,2210.5,2307.2,248440,0.059856103
5/24/2017,2272.6,2497,2263.3,2445.3,149260,-0.070625281
5/23/2017,2124.4,2286.3,2110.8,2272.6,114180,-0.065211652
5/22/2017,2044.2,2264.8,1998.6,2124.4,174380,-0.037751836
5/21/2017,2040.2,2094.9,1980.1,2044.2,78780,-0.001956756
5/20/2017,1962,2048.4,1944.4,2040.2,89860,-0.038329576
5/19/2017,1881,1969.7,1875.3,1962,98760,-0.041284404
5/18/2017,1801.3,1980.5,1791.1,1881,73100,-0.042371079
5/17/2017,1729.3,1842.8,1704,1801.3,94620,-0.039971132
5/16/2017,1708.9,1752.6,1653.7,1729.3,75540,-0.011796681
5/15/2017,1772.6,1776.7,1656.8,1708.9,80240,0.03727544
5/14/2017,1763.7,1802.8,1736.1,1772.6,40640,-0.005020873
5/13/2017,1686.4,1770.5,1594.6,1763.7,75470,-0.043828315
5/12/2017,1819.3,1822.5,1641.2,1686.4,109340,0.078806926
5/11/2017,1752.3,1864.8,1741.5,1819.3,109010,-0.036827351
5/10/2017,1697.5,1766.2,1665,1752.3,89680,-0.031273184
5/9/2017,1664.5,1757.4,1620,1697.5,127230,-0.019440353
5/8/2017,1554.4,1667.7,1552.9,1664.5,107230,-0.06614599
5/7/2017,1545.3,1572.9,1495.2,1554.4,71360,-0.005854349
5/6/2017,1507.8,1560.4,1503.9,1545.3,59600,-0.024267133
5/5/2017,1516.8,1588.1,1485,1507.8,120380,0.005968961
5/4/2017,1485.6,1609.8,1437.1,1516.8,136710,-0.02056962
5/3/2017,1445.9,1496.4,1424.1,1485.6,81720,-0.026723209
5/2/2017,1415.8,1471.1,1394.8,1445.9,70010,-0.020817484
5/1/2017,1351.9,1448.7,1342.8,1415.8,100440,-0.045133493
4/30/2017,1336.3,1358.9,1309.7,1351.9,40640,-0.011539315
4/29/2017,1329.6,1343.7,1314.2,1336.3,40970,-0.005013844
4/28/2017,1332.9,1356.2,1287.6,1329.6,77570,0.002481949
4/27/2017,1286.6,1346.8,1285.3,1332.9,61770,-0.034736289
4/26/2017,1264.3,1309.2,1263,1286.6,58910,-0.017332504
4/25/2017,1248.2,1272.6,1244.2,1264.3,43890,-0.012734319
4/24/2017,1249.1,1256.4,1234.9,1248.2,38540,0.000721038
4/23/2017,1240.9,1256.2,1223.1,1249.1,42610,-0.006564727
4/22/2017,1249.6,1257,1215.8,1240.9,43820,0.00701104
4/21/2017,1238.1,1257,1235.6,1249.6,41340,-0.009202945
4/20/2017,1215.2,1246.6,1210.7,1238.1,55200,-0.018496083
4/19/2017,1206.1,1218.2,1194.1,1215.2,43350,-0.007488479
4/18/2017,1194,1213.9,1191.1,1206.1,52750,-0.010032336
4/17/2017,1176.8,1203,1172.8,1194,46480,-0.01440536
4/16/2017,1177,1188,1166.7,1176.8,18930,0.000169952
4/15/2017,1177.3,1194.8,841.5,1177,28390,0.000254885
4/14/2017,1176.2,1195.4,1162.2,1177.3,47220,-0.000934341
4/13/2017,1212.5,1218.7,1150.3,1176.2,66050,0.030862098
4/12/2017,1220.7,1225.5,1207.4,1212.5,44780,0.006762887
4/11/2017,1206.7,1229.6,1195.8,1220.7,37400,-0.011468829
4/10/2017,1204.3,1214.9,1194.8,1206.7,40010,-0.001988895
4/9/2017,1180.8,1215.1,1174,1204.3,45350,-0.01951341
4/8/2017,1190.5,1198.2,1166.7,1180.8,33180,0.00821477
4/7/2017,1188.7,1201.2,1173.2,1190.5,59750,-0.00151197
4/6/2017,1129.9,1201.6,1130.5,1188.7,92360,-0.049465803
4/5/2017,1141.8,1143.8,1110.1,1129.9,69470,0.010531905
4/4/2017,1147.6,1161.2,1122.2,1141.8,71000,0.005079699
4/3/2017,1097.4,1157.9,1095.6,1147.6,98500,-0.043743465
4/2/2017,1086.1,1109.5,1074.2,1097.4,70980,-0.010297066
4/1/2017,1079.1,1103.7,1067.5,1086.1,50660,-0.006445079
3/31/2017,1037.9,1088.2,1035.2,1079.1,90990,-0.038179965
3/30/2017,1041.9,1052.7,1020.9,1037.9,74990,0.003853936
3/29/2017,1044.4,1058.7,1008.3,1041.9,68850,0.002399463
3/28/2017,1045.1,1068.4,1015.5,1044.4,80000,0.000670241
3/27/2017,969.4,1048.8,961.8,1045.1,91260,-0.07243326
3/26/2017,966.3,1004.3,946.7,969.4,85330,-0.003197854
3/25/2017,939.7,996,890.4,966.3,127050,-0.027527683
3/24/2017,1035,1038.4,927.3,939.7,132600,0.101415345
3/23/2017,1044.7,1062.8,1022,1035,56520,0.009371981
3/22/2017,1121.3,1121.9,997.8,1044.7,115290,0.073322485
3/21/2017,1047.5,1125.5,1043.9,1121.3,92590,-0.065816463
3/20/2017,1022.6,1057.5,1005,1047.5,61430,-0.023770883
3/19/2017,971.4,1063.7,967.3,1022.6,106450,-0.050068453
3/18/2017,1071.7,1103.6,940.2,971.4,210420,0.103253037
3/17/2017,1172.9,1174.9,1063.5,1071.7,163740,0.094429411
3/16/2017,1253.4,1260.2,1119,1172.9,132770,0.068633302
3/15/2017,1243.1,1256.9,1236.4,1253.4,43590,-0.008217648
3/14/2017,1238.2,1255.5,1218.4,1243.1,45140,-0.003941759
3/13/2017,1225.1,1245.6,1205.6,1238.2,60460,-0.010579874
3/12/2017,1179.2,1235.5,1160.9,1225.1,44410,-0.037466329
3/11/2017,1112.4,1202.7,1104.8,1179.2,70750,-0.056648575
3/10/2017,1191.3,1330.4,988.7,1112.4,190470,0.070927724
3/9/2017,1147,1207,1129.3,1191.3,59860,-0.037186267
3/8/2017,1232.7,1242,1136.9,1147,97880,0.074716652
3/7/2017,1277,1280.9,1148.7,1232.7,87720,0.035937373
3/6/2017,1271.2,1280.6,1261,1277,31030,-0.004541895
3/5/2017,1264.3,1273.3,1242.1,1271.2,25430,-0.005427942
3/4/2017,1283.3,1285.8,1228.7,1264.3,38420,0.015028079
3/3/2017,1255.5,1291.3,1250.8,1283.3,67280,-0.0216629
3/2/2017,1222.7,1287,1212,1255.5,78490,-0.02612505
3/1/2017,1189.3,1225,1154.6,1222.7,51150,-0.027316594
2/28/2017,1188.8,1208.2,1175.8,1189.3,50580,-0.000420415
2/27/2017,1171.6,1195.8,1164.3,1188.8,35470,-0.014468371
2/26/2017,1149.1,1177.5,1130.6,1171.6,30770,-0.019204507
2/25/2017,1176.5,1180,1116.2,1149.1,45860,0.023844748
2/24/2017,1171.9,1211.7,1092.4,1176.5,108170,-0.003909902
2/23/2017,1120.5,1181.6,1113.5,1171.9,65740,-0.043860398
2/22/2017,1119,1132.3,1094.8,1120.5,47910,-0.001338688
2/21/2017,1077.6,1123,1073.5,1119,57050,-0.036997319
2/20/2017,1048.9,1081.8,1041,1077.6,31010,-0.026633259
2/19/2017,1052.3,1056.5,1037.7,1048.9,17950,0.003241491
2/18/2017,1049.4,1063.2,1044.7,1052.3,25360,-0.002755868
2/17/2017,1031.9,1057.4,1025.9,1049.4,45710,-0.016676196
2/16/2017,1008.2,1040.3,1007.4,1031.9,38080,-0.022967342
2/15/2017,1008.3,1010.9,999.7,1008.2,23360,9.91867E-05
2/14/2017,995.4,1013.8,986.5,1008.3,39540,-0.012793811
2/13/2017,996.5,1007.6,975.1,995.4,32910,0.001105083
2/12/2017,1008.3,1007.8,992.5,996.5,14750,0.011841445
2/11/2017,997.6,1014.3,983.9,1008.3,28320,-0.010611921
2/10/2017,979,1005.6,947,997.6,62130,-0.018644747
2/9/2017,1055.5,1073,924.7,979,146750,0.07814096
2/8/2017,1049.6,1069.2,1020.3,1055.5,65150,-0.005589768
2/7/2017,1024.7,1054.1,1019.9,1049.6,39550,-0.023723323
2/6/2017,1016.1,1030.6,1010.8,1024.7,32020,-0.0083927
2/5/2017,1031.8,1033.7,1004,1016.1,31060,0.015451235
2/4/2017,1013,1041,1000.4,1031.8,39460,-0.018220585
2/3/2017,1004,1023.7,989.2,1013,61670,-0.008884501
2/2/2017,982.4,1009.1,973.5,1004,50860,-0.021513944
2/1/2017,965.5,986.6,959.8,982.4,45220,-0.017202769
1/31/2017,920.7,967.5,917.4,965.5,54670,-0.046400829
1/30/2017,914.5,922.3,911.5,920.7,19060,-0.006734007
1/29/2017,918.5,922.4,912.7,914.5,11050,0.004373975
1/28/2017,918,921.9,912.8,918.5,14310,-0.000544366
1/27/2017,915.6,922.6,907.9,918,30970,-0.002614379
1/26/2017,894.4,919.3,893.5,915.6,33800,-0.023154216
1/25/2017,893.8,905.7,883.6,894.4,37900,-0.000670841
1/24/2017,921.5,925.6,889.2,893.8,58870,0.030991273
1/23/2017,918.8,928,910.8,921.5,32740,-0.002930005
1/22/2017,919.8,938.4,888.6,918.8,47930,0.001088376
1/21/2017,892.9,928.9,889.5,919.8,40380,-0.029245488
1/20/2017,895.2,901.5,878.9,892.9,38870,0.002575876
1/19/2017,872,905.3,870.7,895.2,58440,-0.025915996
1/18/2017,899.7,913.7,845.9,872,69260,0.031766055
1/17/2017,827.3,906.4,825,899.7,82210,-0.080471268
1/16/2017,821.2,836.7,817.7,827.3,33220,-0.007373383
1/15/2017,819.6,826.4,808.6,821.2,24400,-0.001948368
1/14/2017,824.8,838.9,808.3,819.6,44210,0.006344558
1/13/2017,810.1,835,771,824.8,89860,-0.017822502
1/12/2017,785.4,828.2,739.5,810.1,120240,-0.030490063
1/11/2017,904.4,917.7,751.6,785.4,194440,0.151515152
1/10/2017,899.8,911.3,890.1,904.4,53710,-0.005086245
1/9/2017,900.9,910.5,870.9,899.8,62580,0.001222494
1/8/2017,888.9,936.1,875.8,900.9,76910,-0.013320013
1/7/2017,886.2,900.9,806.7,888.9,130660,-0.003037462
1/6/2017,989.3,1027.4,852.5,886.2,194290,0.116339427
1/5/2017,1135.4,1150.6,874.5,989.3,240010,0.147680178
1/4/2017,1033.3,1148.5,1022.3,1135.4,156270,-0.089924256
1/3/2017,1017,1035.5,1006.5,1033.3,54790,-0.015774702
1/2/2017,995.4,1031.7,990.2,1017,64950,-0.021238938
1/1/2017,963.4,1001.6,956.1,995.4,41150,-0.03214788
12/31/2016,959,965.5,942.4,963.4,27560,-0.004567158
12/30/2016,971.1,971.6,927.4,959,70840,0.01261731
12/29/2016,972.2,982.6,949.2,971.1,61130,0.001132736
12/28/2016,925.8,974.5,925.5,972.2,77290,-0.047726805
12/27/2016,898.4,937.9,893.4,925.8,49690,-0.029596025
12/26/2016,891.1,909.3,885.9,898.4,38790,-0.008125557
12/25/2016,891.1,895.2,851.4,891.1,42480,0
12/24/2016,917.2,920.5,880.8,891.1,46030,0.029289642
12/23/2016,860.2,920.3,858,917.2,102220,-0.062145661
12/22/2016,829.2,874.7,828.9,860.2,70560,-0.036038131
12/21/2016,799.1,833.1,796,829.2,65290,-0.036300048
12/20/2016,789.8,800,787.1,799.1,34480,-0.011638093
12/19/2016,789,793.7,786.3,789.8,25460,-0.001012915
12/18/2016,787.2,791.3,783.8,789,14530,-0.002281369
12/17/2016,782,791.6,779.4,787.2,23580,-0.006605691
12/16/2016,775.2,783.9,773.3,782,27610,-0.008695652
12/15/2016,776.5,780.3,773.1,775.2,26220,0.001676987
12/14/2016,778.7,780.8,771,776.5,24780,0.002833226
12/13/2016,778.5,790.3,767.8,778.7,33110,-0.000256838
12/12/2016,767.9,781.3,767.9,778.5,28760,-0.013615928
12/11/2016,774,774.2,763,767.9,17140,0.007943743
12/10/2016,770.5,777,769.2,774,18020,-0.004521964
12/9/2016,768.5,773.5,765,770.5,24180,-0.002595717
12/8/2016,765.6,773.4,761.2,768.5,28780,-0.003773585
12/7/2016,758.2,769,754.3,765.6,34870,-0.009665622
12/6/2016,754.3,762.5,750.9,758.2,33430,-0.005143762
12/5/2016,766.4,769.2,746,754.3,51170,0.016041363
12/4/2016,764.2,769.2,758.8,766.4,19160,-0.002870564
12/3/2016,770.9,772.3,755.8,764.2,38450,0.008767338
12/2/2016,752.6,779,752.3,770.9,63220,-0.023738487
12/1/2016,742.5,755.5,741.1,752.6,54030,-0.013420144
11/30/2016,732.6,745.4,730.6,742.5,39280,-0.013333333
11/29/2016,733.3,737,727.8,732.6,32570,0.000955501
11/28/2016,729.4,738.1,727.7,733.3,34120,-0.005318424
11/27/2016,734.1,738.3,727.1,729.4,21350,0.006443652
11/26/2016,740.4,741,725.6,734.1,22580,0.008581937
11/25/2016,735.3,741.3,729,740.4,28850,-0.006888169
11/24/2016,741.1,744.2,726.2,735.3,37240,0.007887937
11/23/2016,749.3,750.9,731.3,741.1,37870,0.011064634
11/22/2016,736.2,754,730.6,749.3,44440,-0.017482984
11/21/2016,728.5,744.3,726.5,736.2,32510,-0.010459114
11/20/2016,747.9,752.3,712.8,728.5,47420,0.026630062
11/19/2016,747,755.3,737.4,747.9,25630,-0.001203369
11/18/2016,737.5,751.4,731,747,39710,-0.012717537
11/17/2016,740.3,751.9,730.1,737.5,62770,0.00379661
11/16/2016,711.1,746,708.1,740.3,79570,-0.039443469
11/15/2016,704.6,716.9,697.9,711.1,41400,-0.009140768
11/14/2016,702,708,696.1,704.6,37750,-0.003690037
11/13/2016,704.3,705.6,685,702,36140,0.003276353
11/12/2016,715,717.4,701.1,704.3,27600,0.01519239
11/11/2016,714.6,719.8,711.7,715,25580,-0.000559441
11/10/2016,721.4,723,707.3,714.6,33330,0.009515813
11/9/2016,710.9,741.2,707.1,721.4,70700,-0.014555032
11/8/2016,705.4,714.6,701,710.9,39730,-0.007736672
11/7/2016,709.9,711.7,698.3,705.4,30740,0.006379359
11/6/2016,702.1,714.1,697.6,709.9,25810,-0.010987463
11/5/2016,702.1,706.4,694,702.1,22020,0
11/4/2016,684.9,706.6,681.3,702.1,48240,-0.024497935
11/3/2016,733.5,744.4,670.4,684.9,96410,0.070959264
11/2/2016,726.8,735.8,718.1,733.5,39040,-0.009134288
11/1/2016,698.7,734.4,695.2,726.8,68070,-0.038662631
10/31/2016,697.3,707.2,682.2,698.7,38050,-0.002003721
10/30/2016,715,714.9,689.5,697.3,39330,0.025383623
10/29/2016,686.2,720.2,685.2,715,54030,-0.04027972
10/28/2016,682.3,688.4,678.6,686.2,38970,-0.005683474
10/27/2016,674.7,687.9,672.3,682.3,46560,-0.011138795
10/26/2016,651,678.4,651.4,674.7,47670,-0.035126723
10/25/2016,650.5,662.5,647.7,651,36740,-0.000768049
10/24/2016,653,654.3,645.7,650.5,33240,0.003843198
10/23/2016,655.5,661.2,648.8,653,21910,0.003828484
10/22/2016,630.5,659.9,629.7,655.5,37100,-0.038138825
10/21/2016,628.3,633.3,627.6,630.5,28090,-0.003489294
10/20/2016,629.1,630.8,625.5,628.3,20940,0.001273277
10/19/2016,635.3,637.3,624.1,629.1,35290,0.009855349
10/18/2016,637.4,639.3,632.2,635.3,24600,0.003305525
10/17/2016,640.1,641.3,634.9,637.4,27690,0.004235959
10/16/2016,637,642.2,636.4,640.1,12890,-0.004842993
10/15/2016,637.9,641.4,635.1,637,12380,0.001412873
10/14/2016,635.6,640.5,630.7,637.9,31420,-0.003605581
10/13/2016,636,639.5,632.3,635.6,25620,0.000629327
10/12/2016,640.5,642.5,632.2,636,26950,0.007075472
10/11/2016,617.3,642.3,615.6,640.5,55770,-0.036221702
10/10/2016,615.8,618.8,612.8,617.3,25230,-0.002429937
10/9/2016,617.7,618.3,613,615.8,13430,0.003085417
10/8/2016,616,619.6,614.9,617.7,13620,-0.002752145
10/7/2016,611,619.4,609.1,616,32730,-0.008116883
10/6/2016,611.8,612.7,608.5,611,21630,0.001309329
10/5/2016,609,613.7,608,611.8,23400,-0.004576659
10/4/2016,611.6,612.7,606.5,609,24990,0.004269294
10/3/2016,610.7,613.2,608.5,611.6,21950,-0.00147155
10/2/2016,613.4,614.2,607.7,610.7,16540,0.004421156
10/1/2016,608.1,615,607.1,613.4,16930,-0.008640365
9/30/2016,604.7,608.8,602.3,608.1,23950,-0.005591186
9/29/2016,604.7,607.2,602,604.7,25320,0
9/28/2016,605.5,606.9,602.6,604.7,18940,0.00132297
9/27/2016,606.5,609,601.7,605.5,25550,0.001651528
9/26/2016,601.5,608.5,598.2,606.5,27510,-0.008244023
9/25/2016,602.6,604.9,598.3,601.5,13280,0.001828761
9/24/2016,602.9,605.9,600.5,602.6,13470,0.000497843
9/23/2016,595.6,603.7,594.1,602.9,25920,-0.012108144
9/22/2016,597.2,599.8,592.8,595.6,22440,0.002686367
9/21/2016,609.2,608.8,591.7,597.2,36860,0.020093771
9/20/2016,609.8,611.3,605.9,609.2,22610,0.000984898
9/19/2016,610.7,612.4,607,609.8,21240,0.001475894
9/18/2016,607.1,612.4,605.2,610.7,16330,-0.005894875
9/17/2016,607.8,609.6,604.5,607.1,15890,0.001153023
9/16/2016,608.1,610.4,605.2,607.8,21850,0.000493583
9/15/2016,609.5,610.7,605.1,608.1,22690,0.002302253
9/14/2016,608.6,612.2,606.4,609.5,24240,-0.00147662
9/13/2016,608,612,604.9,608.6,27520,-0.000985869
9/12/2016,605.6,610.6,603,608,27950,-0.003947368
9/11/2016,624.5,630.8,592.8,605.6,36540,0.031208719
9/10/2016,623.2,627.5,621.1,624.5,15280,-0.002081665
9/9/2016,625.6,627.6,617.3,623.2,28330,0.003851091
9/8/2016,613.2,629.3,611.3,625.6,36330,-0.019820972
9/7/2016,610.4,616.5,606.2,613.2,30030,-0.00456621
9/6/2016,605.8,612,603.5,610.4,24330,-0.007536042
9/5/2016,609.5,610.6,598.8,605.8,25290,0.006107626
9/4/2016,598.8,615.2,590.8,609.5,30690,-0.017555373
9/3/2016,575.3,605,572.6,598.8,35700,-0.039245157
9/2/2016,572,577.6,569.3,575.3,26610,-0.005736138
9/1/2016,573.9,705,569.4,572,25870,0.003321678
8/31/2016,577.3,578.3,571.7,573.9,24930,0.005924377
8/30/2016,574.2,579.9,572.5,577.3,27480,-0.005369825
8/29/2016,575,578.6,571.4,574.2,23860,0.001393243
8/28/2016,570.3,576.3,569.2,575,12830,-0.008173913
8/27/2016,579.4,580.4,567.3,570.3,18690,0.015956514
8/26/2016,578,582.7,575.8,579.4,21170,-0.002416293
8/25/2016,579.7,580.7,570.8,578,32730,0.002941176
8/24/2016,583.6,584.5,576.8,579.7,28060,0.006727618
8/23/2016,587.5,589.9,578.6,583.6,32080,0.006682659
8/22/2016,580.7,591.9,577.1,587.5,33560,-0.011574468
8/21/2016,582.6,585.3,577.8,580.7,14160,0.003271913
8/20/2016,574.6,583.5,572.3,582.6,23120,-0.013731548
8/19/2016,573.4,577.9,566.3,574.6,25530,-0.002088409
8/18/2016,572.3,579.5,570.8,573.4,30390,-0.001918382
8/17/2016,580.2,581.1,568.7,572.3,32760,0.013803949
8/16/2016,567,583.4,563.4,580.2,37690,-0.022750776
8/15/2016,569.1,575,559.3,567,33770,0.003703704
8/14/2016,584.6,585.8,559.9,569.1,33070,0.027235987
8/13/2016,587.1,590.1,582.8,584.6,19300,0.004276428
8/12/2016,587.8,591.1,582.2,587.1,25500,0.001192301
8/11/2016,590.9,599.2,585.4,587.8,39830,0.005273903
8/10/2016,585.3,600.5,580.9,590.9,49570,-0.009477069
8/9/2016,589.2,591.2,581.1,585.3,25970,0.00666325
8/8/2016,590.8,594.2,585.4,589.2,24880,0.002715547
8/7/2016,586.5,596,580.9,590.8,26200,-0.007278267
8/6/2016,574.7,596.7,565.3,586.5,25380,-0.020119352
8/5/2016,576.2,580,565.8,574.7,27890,0.002610057
8/4/2016,566.4,584.9,559.5,576.2,44820,-0.017007983
8/3/2016,513.4,573.1,514.1,566.4,85930,-0.093573446
8/2/2016,607,613.8,471.4,513.4,130910,0.182313985
8/1/2016,621.9,627.9,603.5,607,66660,0.024546952
7/31/2016,654.7,654.9,621.4,621.9,62890,0.052741598
7/30/2016,655.4,657.5,652.1,654.7,19350,0.001069192
7/29/2016,654.1,657.4,651,655.4,27040,-0.001983522
7/28/2016,654.5,658,650.8,654.1,28110,0.000611527
7/27/2016,654.4,659.1,646,654.5,29890,-0.000152788
7/26/2016,654,657.8,643.5,654.4,49390,-0.000611247
7/25/2016,659.3,662.5,651.1,654,34380,0.008103976
7/24/2016,655.2,664.2,651,659.3,29820,-0.006218717
7/23/2016,651.1,658.2,648,655.2,29890,-0.006257631
7/22/2016,664.6,669.4,645.7,651.1,65900,0.020734142
7/21/2016,664.4,666.5,657.8,664.6,32170,-0.000300933
7/20/2016,671.1,672.3,659.5,664.4,37560,0.010084287
7/19/2016,670.4,673.2,663.6,671.1,30400,-0.001043064
7/18/2016,676.3,680.4,664.6,670.4,42580,0.008800716
7/17/2016,660.7,680.9,660.1,676.3,46840,-0.023066686
7/16/2016,664.2,665.4,655.7,660.7,20390,0.005297412
7/15/2016,657.3,667.5,656.5,664.2,35830,-0.010388437
7/14/2016,661.2,661.9,646.3,657.3,48200,0.005933364
7/13/2016,670.6,672,656,661.2,62960,0.014216576
7/12/2016,646.7,673.2,644.6,670.6,66590,-0.035639726
7/11/2016,647.1,657.5,640,646.7,45940,0.000618525
7/10/2016,651.8,652,636.8,647.1,29260,0.007263174
7/9/2016,662.8,663.5,620.7,651.8,96010,0.016876342
7/8/2016,635.3,663.4,630.2,662.8,75890,-0.041490646
7/7/2016,672.7,676.2,605,635.3,153610,0.058869825
7/6/2016,663.7,678.4,662.2,672.7,47050,-0.013378921
7/5/2016,675.2,679.2,657.3,663.7,54640,0.017327106
7/4/2016,661.6,679,644,675.2,63910,-0.02014218
7/3/2016,698.1,701.5,644.6,661.6,99270,0.055169287
7/2/2016,674.6,700.5,671.5,698.1,67380,-0.033662799
7/1/2016,670,685.1,661.1,674.6,92230,-0.006818856
6/30/2016,636.5,673,631.2,670,88200,-0.05
6/29/2016,644.9,645.9,621.8,636.5,80220,0.013197172
6/28/2016,644.7,659.3,634.3,644.9,76660,-0.000310126
6/27/2016,625.4,650.3,615.2,644.7,99810,-0.029936405
6/26/2016,663.5,665.2,609.9,625.4,88930,0.060921011
6/25/2016,656.9,688.1,640.8,663.5,100460,-0.009947249
6/24/2016,620.8,687.4,616.4,656.9,196690,-0.054955092
6/23/2016,590.6,629.5,539.3,620.8,261740,-0.048646907
6/22/2016,667.4,677.8,586.6,590.6,202320,0.13003725
6/21/2016,734,732.2,626,667.4,248080,0.099790231
6/20/2016,761,764.6,717.4,734,112290,0.036784741
6/19/2016,753.8,765.1,740.4,761,60450,-0.009461235
6/18/2016,743.9,776,727.1,753.8,120530,-0.013133457
6/17/2016,761.2,771.9,704.2,743.9,215870,0.023255814
6/16/2016,690.8,769.7,687.4,761.2,229570,-0.092485549
6/15/2016,685.1,695.1,670.5,690.8,78620,-0.008251303
6/14/2016,700.1,702.5,654.7,685.1,135650,0.021894614
6/13/2016,666.5,718.2,652.8,700.1,216730,-0.047993144
6/12/2016,591.6,683.8,592.8,666.5,217380,-0.112378095
6/11/2016,577.9,592.6,576.3,591.6,42220,-0.023157539
6/10/2016,574.7,579.3,571.1,577.9,45500,-0.00553729
6/9/2016,580.5,580.7,569.3,574.7,48610,0.010092222
6/8/2016,575.6,582.4,567.8,580.5,49600,-0.008440999
6/7/2016,583.6,591.3,543.6,575.6,84690,0.013898541
6/6/2016,574.9,586.7,571.7,583.6,63680,-0.014907471
6/5/2016,572,583.6,567.8,574.9,64520,-0.005044356
6/4/2016,567,592.7,560.9,572,87410,-0.008741259
6/3/2016,537.1,573.7,534.3,567,106250,-0.052733686
6/2/2016,537.4,541.5,530.5,537.1,52880,0.000558555
6/1/2016,528.9,542.3,521.3,537.4,72410,-0.015816896
5/31/2016,532.3,546.9,513.2,528.9,114080,0.006428436
5/30/2016,516,544.2,512.8,532.3,77530,-0.03062183
5/29/2016,524.2,548,493.2,516,152570,0.015891473
5/28/2016,474,531.8,467,524.2,150170,-0.095764975
5/27/2016,453.3,479.2,452.7,474,135680,-0.043670886
5/26/2016,449.8,454.3,447.7,453.3,37720,-0.007721156
5/25/2016,446.1,451.2,445.4,449.8,37720,-0.008225878
5/24/2016,443.7,447.9,442,446.1,33220,-0.00537996
5/23/2016,439.6,445,438.2,443.7,35900,-0.009240478
5/22/2016,443.6,444.2,436.9,439.6,28740,0.009099181
5/21/2016,442.1,445.2,439.7,443.6,23000,-0.003381425
5/20/2016,442.7,447.8,435.4,442.1,48430,0.001357159
5/19/2016,454.2,455.2,441.1,442.7,59390,0.02597696
5/18/2016,453.3,456.6,452.4,454.2,32610,-0.001981506
5/17/2016,454.9,456.3,451.7,453.3,34630,0.003529671
5/16/2016,458.1,459.6,450.7,454.9,36600,0.007034513
5/15/2016,456.4,460.3,455,458.1,21200,-0.00371098
5/14/2016,455.4,457.7,453.6,456.4,20360,-0.00219106
5/13/2016,454.4,457.2,451.5,455.4,32390,-0.002195872
5/12/2016,452.5,455.3,448.4,454.4,49190,-0.004181338
5/11/2016,449.4,456.1,449.6,452.5,39970,-0.006850829
5/10/2016,460.4,462.1,446.8,449.4,59990,0.024477081
5/9/2016,457.9,464.2,455.4,460.4,48420,-0.005430061
5/8/2016,458.5,460.2,454.9,457.9,27600,0.00131033
5/7/2016,459.6,460.6,454.6,458.5,30970,0.002399128
5/6/2016,448.1,461.5,445.7,459.6,68430,-0.025021758
5/5/2016,445.8,449.2,444.4,448.1,41890,-0.005132783
5/4/2016,450.3,450.9,444.2,445.8,39440,0.010094213
5/3/2016,444.2,451.5,441.5,450.3,49750,-0.013546525
5/2/2016,452.2,453.9,440.2,444.2,73850,0.018009905
5/1/2016,448.5,454.2,447.5,452.2,21750,-0.00818222
4/30/2016,455,456.9,446.6,448.5,35310,0.014492754
4/29/2016,448.5,456.3,445.2,455,44850,-0.014285714
4/28/2016,447,450.1,433.9,448.5,81940,-0.003344482
4/27/2016,466,467.9,444.6,447,90810,0.042505593
4/26/2016,461.7,468.9,459.2,466,67560,-0.009227468
4/25/2016,457.6,466.2,451.8,461.7,81660,-0.008880225
4/24/2016,450.1,461.8,447.9,457.6,74430,-0.01638986
4/23/2016,445.3,451.5,443.1,450.1,42360,-0.010664297
4/22/2016,449.3,450.2,441.9,445.3,49710,0.008982708
4/21/2016,441.2,450.8,439.5,449.3,63130,-0.018028044
4/20/2016,434.9,442.9,432.5,441.2,74360,-0.014279238
4/19/2016,427.7,436.1,426.8,434.9,45680,-0.01655553
4/18/2016,426.3,429.1,424.4,427.7,32580,-0.003273322
4/17/2016,430,430.6,423.8,426.3,25590,0.008679334
4/16/2016,428.7,432,426.8,430,29020,-0.003023256
4/15/2016,424,429.5,423.3,428.7,54120,-0.010963378
4/14/2016,423.5,425.4,421.8,424,30660,-0.001179245
4/13/2016,424.7,426.6,421.4,423.5,38090,0.00283353
4/12/2016,421.4,426.7,420.7,424.7,57710,-0.007770191
4/11/2016,420.3,422.4,418.1,421.4,36390,-0.002610346
4/10/2016,418,421.6,416.7,420.3,23300,-0.005472282
4/9/2016,417.7,418.9,412.4,418,29430,-0.000717703
4/8/2016,420.1,423.5,415.5,417.7,46950,0.005745751
4/7/2016,421.3,422,417.9,420.1,36060,0.002856463
4/6/2016,422.1,422.8,419.5,421.3,32670,0.001898884
4/5/2016,419.3,423.7,418,422.1,40890,-0.006633499
4/4/2016,419.1,420.4,416.2,419.3,33440,-0.000476985
4/3/2016,418.5,420.2,417,419.1,22800,-0.001431639
4/2/2016,415.6,420.1,415.1,418.5,31310,-0.00692951
4/1/2016,415.7,416.9,412.8,415.6,38220,0.000240616
3/31/2016,412.4,417.2,411.5,415.7,41840,-0.007938417
3/30/2016,415,416.2,408.4,412.4,43280,0.006304559
3/29/2016,422.2,424.5,406.4,415,69110,0.017349398
3/28/2016,424.6,425.4,419.7,422.2,43450,0.00568451
3/27/2016,416.5,427.4,415.5,424.6,61720,-0.019076778
3/26/2016,415.7,417.7,413.9,416.5,28060,-0.001920768
3/25/2016,414.7,417.3,412.4,415.7,34590,-0.002405581
3/24/2016,417,417.7,412.9,414.7,38830,0.005546178
3/23/2016,416.2,419.6,414.2,417,40610,-0.001918465
3/22/2016,411.1,417.9,410.8,416.2,49080,-0.012253724
3/21/2016,411.5,413.1,407.3,411.1,43160,0.000972999
3/20/2016,408.7,413.5,407.2,411.5,30540,-0.006804374
3/19/2016,408.2,410.5,402.1,408.7,37000,-0.001223391
3/18/2016,418.2,418.6,402.5,408.2,66070,0.024497795
3/17/2016,415.9,419.6,415.3,418.2,43820,-0.005499761
3/16/2016,415.1,417,413.3,415.9,44540,-0.001923539
3/15/2016,414.3,417.4,412.3,415.1,48600,-0.001927246
3/14/2016,412.4,416.1,411.2,414.3,49330,-0.004586049
3/13/2016,410.4,415.9,409.6,412.4,34980,-0.004849661
3/12/2016,419.1,420.7,407,410.4,59640,0.02119883
3/11/2016,415.8,422.4,415.1,419.1,60630,-0.007874016
3/10/2016,412.8,417.5,410.3,415.8,55740,-0.007215007
3/9/2016,411.9,414.9,408.9,412.8,50920,-0.002180233
3/8/2016,414.9,416.7,408.4,411.9,53770,0.007283321
3/7/2016,406,416.6,402,414.9,61770,-0.021450952
3/6/2016,399,412,393.1,406,62590,-0.017241379
3/5/2016,409.5,410.1,386.9,399,129150,0.026315789
3/4/2016,419.6,423.4,407.2,409.5,75270,0.024664225
3/3/2016,425.4,425.8,414.9,419.6,78900,0.013822688
3/2/2016,434,435.9,423.9,425.4,57750,0.020216267
3/1/2016,436.2,439,428.5,434,67460,0.005069124
2/29/2016,432.5,441.3,429.8,436.2,68770,-0.008482348
2/28/2016,431.3,435.6,421.2,432.5,50850,-0.002774566
2/27/2016,427.3,434.1,427.3,431.3,42790,-0.009274287
2/26/2016,423.5,427.6,419.1,427.3,53210,-0.008893049
2/25/2016,422.7,427.2,417.5,423.5,53540,-0.00188902
2/24/2016,419.9,425.2,410.4,422.7,66510,-0.006624083
2/23/2016,437.8,440.8,414.4,419.9,93720,0.042629197
2/22/2016,437.9,440.2,431.3,437.8,56010,0.000228415
2/21/2016,440.1,447.6,425.5,437.9,100500,0.005023978
2/20/2016,420,442.7,419.5,440.1,111630,-0.045671438
2/19/2016,421.4,424.3,416.4,420,52240,0.003333333
2/18/2016,417.1,425.5,414.8,421.4,77350,-0.010204082
2/17/2016,406.4,421.5,405,417.1,90320,-0.025653321
2/16/2016,401.1,409.8,398,406.4,68330,-0.013041339
2/15/2016,405.5,410.9,396.6,401.1,86130,0.010969833
2/14/2016,390.1,405.9,390.1,405.5,73590,-0.037977805
2/13/2016,384,392.6,383.3,390.1,48160,-0.015637016
2/12/2016,379.5,386.4,379.3,384,53760,-0.01171875
2/11/2016,381.9,383.2,372.8,379.5,62650,0.006324111
2/10/2016,375.3,385.4,374.1,381.9,97490,-0.017282011
2/9/2016,372.6,377.6,371.4,375.3,55360,-0.007194245
2/8/2016,377.9,380.9,372.1,372.6,62240,0.014224369
2/7/2016,376.7,382.6,375.3,377.9,40740,-0.003175443
2/6/2016,386.5,386.4,372.9,376.7,78850,0.026015397
2/5/2016,390.6,391.1,384.5,386.5,60920,0.010608021
2/4/2016,368,391.8,368,390.6,101870,-0.057859703
2/3/2016,373.9,375.9,366.2,368,59810,0.016032609
2/2/2016,372.2,376.6,371.4,373.9,50980,-0.00454667
2/1/2016,369.8,379.8,365.3,372.2,74350,-0.006448146
1/31/2016,377.8,380.5,366.9,369.8,39020,0.021633315
1/30/2016,380.3,381.8,375,377.8,36180,0.006617258
1/29/2016,379.7,385.8,363.5,380.3,138460,-0.001577702
1/28/2016,395,395.4,376.7,379.7,77320,0.04029497
1/27/2016,389.8,397.4,389.4,395,43680,-0.013164557
1/26/2016,392.8,397.7,387.9,389.8,56810,0.007696254
1/25/2016,402.1,403.8,386.9,392.8,67660,0.023676171
1/24/2016,388.6,405.4,385.5,402.1,64540,-0.033573738
1/23/2016,382.6,395.4,380.3,388.6,61380,-0.015440041
1/22/2016,410.2,411.5,374.9,382.6,144860,0.072138003
1/21/2016,414.6,423.4,403.9,410.2,89940,0.010726475
1/20/2016,379.5,425.7,374,414.6,190320,-0.084659913
1/19/2016,384.4,386.7,375.9,379.5,66350,0.012911726
1/18/2016,382.5,387.3,373.2,384.4,69300,-0.004942768
1/17/2016,385,390.7,377.7,382.5,66090,0.006535948
1/16/2016,372.3,386.7,350.4,385,183960,-0.032987013
1/15/2016,429.1,430.1,364.7,372.3,268140,0.152565136
1/14/2016,432.2,433.7,427,429.1,46170,0.007224423
1/13/2016,445,443.7,420.4,432.2,92040,0.029615919
1/12/2016,447.7,448.4,443.1,445,44590,0.006067416
1/11/2016,446.2,451.1,441.8,447.7,56590,-0.003350458
1/10/2016,448.3,448.9,438.6,446.2,44460,0.00470641
1/9/2016,452.9,454.5,444.9,448.3,39810,0.010260986
1/8/2016,457,462.9,446.5,452.9,91310,0.009052771
1/7/2016,430.8,457.5,428.5,457,130200,-0.057330416
1/6/2016,431.2,432.1,425,430.8,43430,0.000928505
1/5/2016,433.3,435.3,428.9,431.2,45030,0.00487013
1/4/2016,430.7,435.3,428.6,433.3,53010,-0.006000462
1/3/2016,433.7,434.1,423.1,430.7,54830,0.006965405
1/2/2016,434,437.4,430.7,433.7,33570,0.000691722
1/1/2016,430,438,425.9,434,46970,-0.00921659
12/31/2015,427.1,433.1,417.1,430,65210,-0.006744186
12/30/2015,431.9,435,420.8,427.1,68270,0.011238586
12/29/2015,421.8,433.6,419.3,431.9,70650,-0.023385043
12/28/2015,422.4,429.9,417.1,421.8,68350,0.001422475
12/27/2015,415.4,425.5,406.1,422.4,67580,-0.01657197
12/26/2015,454,456.5,400.5,415.4,208580,0.092922484
12/25/2015,453,457.4,449.5,454,42390,-0.002202643
12/24/2015,442.4,460.6,441.8,453,79600,-0.023399558
12/23/2015,437,444.8,434.3,442.4,63250,-0.012206148
12/22/2015,437.6,443.2,433.3,437,65790,0.001372998
12/21/2015,441.8,445.5,424,437.6,121990,0.009597806
12/20/2015,461.2,462.8,431.1,441.8,121530,0.043911272
12/19/2015,463.2,466,452.3,461.2,61310,0.004336513
12/18/2015,455.5,466.1,453.5,463.2,83410,-0.016623489
12/17/2015,454,458.4,447.3,455.5,64580,-0.003293085
12/16/2015,462.6,465.2,437.4,454,185220,0.018942731
12/15/2015,442,464.2,440.7,462.6,107060,-0.044530912
12/14/2015,434.7,449.5,428.8,442,218920,-0.016515837
12/13/2015,432.3,441,420.8,434.7,64140,-0.005521049
12/12/2015,449.8,467.7,403.7,432.3,211440,0.040481147
12/11/2015,415.5,453.4,413.7,449.8,175060,-0.076256114
12/10/2015,416,420.4,409.5,415.5,71660,0.001203369
12/9/2015,410.7,424.6,403.3,416,147360,-0.012740385
12/8/2015,394.3,411.1,388,410.7,74360,-0.039931824
12/7/2015,393.4,398.7,381.7,394.3,96750,-0.002282526
12/6/2015,386.7,402.2,382.6,393.4,131860,-0.017031012
12/5/2015,361.7,390.3,361.5,386.7,115200,-0.064649599
12/4/2015,360.3,364,354.3,361.7,60550,-0.003870611
12/3/2015,360,371.4,355.5,360.3,87230,-0.000832639
12/2/2015,361.8,363.4,347.2,360,92450,0.005
12/1/2015,378,379,353.7,361.8,111910,0.044776119
11/30/2015,370.8,382.6,367.9,378,129770,-0.019047619
11/29/2015,355.8,372.8,354.5,370.8,67370,-0.040453074
11/28/2015,359.5,360.1,350.5,355.8,56170,0.010399101
11/27/2015,353.7,363.9,345.1,359.5,103480,-0.016133519
11/26/2015,327.5,368.9,327.4,353.7,211380,-0.074074074
11/25/2015,318.4,330,315.7,327.5,77680,-0.02778626
11/24/2015,322.1,323.3,315.5,318.4,50660,0.011620603
11/23/2015,322.8,325,319.9,322.1,42730,0.002173238
11/22/2015,324.7,326.9,319.4,322.8,36750,0.005885998
11/21/2015,321.1,328.4,318.4,324.7,45000,-0.011087157
11/20/2015,325,327.1,309.5,321.1,109990,0.012145749
11/19/2015,335.9,335.6,323.4,325,86380,0.033538462
11/18/2015,333.9,337.4,329.4,335.9,78360,-0.005954153
11/17/2015,330.2,342.9,328.1,333.9,98250,-0.011081162
11/16/2015,317.5,332,314.1,330.2,87140,-0.038461538
11/15/2015,331.8,334.8,314.2,317.5,88320,0.04503937
11/14/2015,333.8,369.8,326.4,331.8,71110,0.006027728
11/13/2015,333.9,341.8,323.9,333.8,97250,0.000299581
11/12/2015,304.7,346.1,306.1,333.9,164610,-0.087451333
11/11/2015,336.7,341.8,292.4,304.7,263960,0.105021332
11/10/2015,380.2,381.4,323.2,336.7,210290,0.129195129
11/9/2015,371.6,385.1,360.2,380.2,125540,-0.022619674
11/8/2015,385.1,389.8,365.5,371.6,94360,0.036329386
11/7/2015,369.8,391.8,369,385.1,103030,-0.03972994
11/6/2015,382.7,396.4,348.8,369.8,255280,0.034883721
11/5/2015,400.9,447.2,366.1,382.7,302950,0.047556833
11/4/2015,396.5,492.8,368.6,400.9,517730,-0.010975306
11/3/2015,359.3,416.8,354.6,396.5,421990,-0.093820933
11/2/2015,323,365.8,319.8,359.3,223100,-0.10102978
11/1/2015,311.2,324.3,304.7,323,73710,-0.036532508
10/31/2015,327.1,333.3,304.6,311.2,105830,0.051092545
10/30/2015,313.6,334.9,310.8,327.1,156490,-0.041271782
10/29/2015,303.5,318.5,300.2,313.6,138920,-0.032206633
10/28/2015,294.7,307.5,294,303.5,116410,-0.028995058
10/27/2015,285.1,298.4,285.1,294.7,105870,-0.032575501
10/26/2015,287.9,287.6,279.6,285.1,73210,0.009821115
10/25/2015,282.6,295.6,281.8,287.9,113900,-0.01840917
10/24/2015,276.9,283,277,282.6,60130,-0.020169851
10/23/2015,274.4,279.8,273.2,276.9,69320,-0.00902853
10/22/2015,267.1,278.7,266.8,274.4,93150,-0.026603499
10/21/2015,269.8,272.2,263.5,267.1,59640,0.010108574
10/20/2015,263.8,272.1,262.7,269.8,75400,-0.022238695
10/19/2015,261.7,266,259.9,263.8,58170,-0.007960576
10/18/2015,269.6,272.4,259.5,261.7,52270,0.030187237
10/17/2015,262.9,275.4,261.7,269.6,113840,-0.024851632
10/16/2015,254.4,267.3,253.9,262.9,95180,-0.032331685
10/15/2015,252.3,256.8,251.2,254.4,60640,-0.008254717
10/14/2015,248.8,255.1,248.3,252.3,69580,-0.013872374
10/13/2015,245.4,251.2,243.1,248.8,74880,-0.013665595
10/12/2015,247.6,248,244.6,245.4,40390,0.008964955
10/11/2015,245.4,248.3,244.5,247.6,41430,-0.008885299
10/10/2015,244,245.9,242.9,245.4,38960,-0.005704971
10/9/2015,242.6,244.6,241.3,244,40570,-0.005737705
10/8/2015,243,244.8,241.6,242.6,44150,0.001648805
10/7/2015,246.1,247.3,241.6,243,62600,0.012757202
10/6/2015,240.1,247.6,239.4,246.1,78840,-0.024380333
10/5/2015,238.3,240.5,236.4,240.1,61240,-0.007496876
10/4/2015,238.6,277.6,237.5,238.3,31850,0.001258917
10/3/2015,236.7,239.5,236.1,238.6,43310,-0.007963118
10/2/2015,237.1,238.4,235.1,236.7,47940,0.001689903
10/1/2015,235.9,238.7,234.7,237.1,52880,-0.005061156
9/30/2015,236.7,237.8,234.4,235.9,50520,0.003391267
9/29/2015,238.9,240.4,234.8,236.7,57300,0.009294466
9/28/2015,232.5,240.4,232.4,238.9,64280,-0.026789452
9/27/2015,234.3,234.8,231.8,232.5,36140,0.007741935
9/26/2015,235,235.7,232.7,234.3,40290,0.002987623
9/25/2015,233.8,237.6,232.7,235,61580,-0.005106383
9/24/2015,229.9,235.8,229.6,233.8,72120,-0.016680924
9/23/2015,230,232.2,228.5,229.9,43600,0.000434972
9/22/2015,226.3,233.2,224.1,230,71550,-0.016086957
9/21/2015,231.1,231.6,225,226.3,53430,0.021210782
9/20/2015,231.1,232.7,229.9,231.1,33150,0
9/19/2015,232.2,233.4,230.2,231.1,34470,0.004759844
9/18/2015,232.7,234.7,230.6,232.2,53170,0.002153316
9/17/2015,228.6,235.2,227.9,232.7,56060,-0.017619252
9/16/2015,229.5,230.9,225.1,228.6,51910,0.003937008
9/15/2015,229.9,242.8,228,229.5,49520,0.001742919
9/14/2015,230.2,232.6,226,229.9,61100,0.001304915
9/13/2015,235.6,236.2,228.3,230.2,51600,0.023457863
9/12/2015,239.9,240.3,233.3,235.6,43770,0.018251273
9/11/2015,238.1,241,237.4,239.9,45770,-0.007503126
9/10/2015,237.4,240.6,234.3,238.1,60540,-0.002939941
9/9/2015,243.2,244.3,236.5,237.4,69260,0.02443134
9/8/2015,239.6,246.4,239.2,243.2,76350,-0.014802632
9/7/2015,239.9,242.7,237.5,239.6,57190,0.001252087
9/6/2015,233.7,243.6,234.7,239.9,66270,-0.025844102
9/5/2015,230.3,235.6,228.3,233.7,48280,-0.014548567
9/4/2015,226.2,231.1,225.8,230.3,61760,-0.017802866
9/3/2015,228.6,229.6,225.4,226.2,54150,0.01061008
9/2/2015,227.2,230.6,225.6,228.6,58770,-0.006124234
9/1/2015,229.5,231.4,225.8,227.2,66540,0.010123239
8/31/2015,228.4,231.8,224.2,229.5,54510,-0.004793028
8/30/2015,228.5,232.3,225.4,228.4,39810,0.000437828
8/29/2015,231.6,233.1,226.4,228.5,43740,0.01356674
8/28/2015,222.7,234.8,219.6,231.6,90660,-0.038428325
8/27/2015,225,228.4,222,222.7,60250,0.010327795
8/26/2015,220.5,230.7,218.8,225,92810,-0.02
8/25/2015,211.4,226.6,196.3,220.5,190790,-0.041269841
8/24/2015,226.8,228.4,207.8,211.4,196700,0.072847682
8/23/2015,229.5,232.7,224.3,226.8,48840,0.011904762
8/22/2015,232.4,235.1,221,229.5,74210,0.012636166
8/21/2015,234.7,236.3,230.5,232.4,57650,0.00989673
8/20/2015,226,238,225.5,234.7,90980,-0.037068598
8/19/2015,246.7,247.9,214.3,226,245820,0.09159292
8/18/2015,257.1,257.5,245.7,246.7,94500,0.042156465
8/17/2015,257.1,259.9,252.9,257.1,47880,0
8/16/2015,260.5,261.9,254.6,257.1,69040,0.013224426
8/15/2015,265,266.5,259.4,260.5,38910,0.017274472
8/14/2015,263.4,267.2,260.2,265,52330,-0.006037736
8/13/2015,267.7,268.4,261.3,263.4,56490,0.016324981
8/12/2015,269,271.5,263.7,267.7,56730,0.004856182
8/11/2015,263.3,269.9,261.4,269,51360,-0.021189591
8/10/2015,263.9,266.6,260.5,263.3,48570,0.002278769
8/9/2015,258.6,266.8,258.6,263.9,57480,-0.020083365
8/8/2015,277.9,278.9,257.4,258.6,82540,0.074632637
8/7/2015,278,279.6,274.3,277.9,42810,0.000359842
8/6/2015,281.7,282,276.5,278,33260,0.013309353
8/5/2015,284.3,285.5,280.5,281.7,38290,0.009229677
8/4/2015,281.6,285.7,279.6,284.3,44840,-0.00949701
8/3/2015,281.4,285,278.9,281.6,45890,-0.000710227
8/2/2015,280.5,282.5,275.9,281.4,35670,-0.003198294
8/1/2015,283.7,284.5,276.3,280.5,39430,0.0114082
7/31/2015,287,288.7,280.8,283.7,49210,0.011632006
7/30/2015,288.4,289.9,284.9,287,44790,0.004878049
7/29/2015,293.7,294.7,286.9,288.4,50670,0.018377254
7/28/2015,293,296.7,291.7,293.7,49070,-0.002383384
7/27/2015,291.8,295.8,285.4,293,69710,-0.004095563
7/26/2015,288.7,293.3,286.8,291.8,30990,-0.010623715
7/25/2015,288.4,291.2,284.7,288.7,41650,-0.001039141
7/24/2015,275.5,289.8,274.3,288.4,74360,-0.044729542
7/23/2015,276.5,277.9,274.5,275.5,35660,0.003629764
7/22/2015,275.1,277.4,273.1,276.5,41970,-0.005063291
7/21/2015,277.7,281,274.2,275.1,49050,0.009451109
7/20/2015,273.2,278.9,271.8,277.7,46600,-0.016204537
7/19/2015,274,277.1,271.9,273.2,30200,0.002928258
7/18/2015,279.6,282.5,243.2,274,55340,0.020437956
7/17/2015,276.6,280.8,271.2,279.6,62120,-0.010729614
7/16/2015,283.4,290.8,273.3,276.6,121320,0.024584237
7/15/2015,287,292.9,283.2,283.4,59580,0.012702893
7/14/2015,290.4,297,285.2,287,60620,0.01184669
7/13/2015,310.4,310.9,276.9,290.4,146850,0.068870523
7/12/2015,292,315.9,291.3,310.4,120700,-0.059278351
7/11/2015,283.6,298.8,282.3,292,46490,-0.028767123
7/10/2015,269.1,297.9,266.9,283.6,117170,-0.05112835
7/9/2015,268.6,272.3,265.1,269.1,48390,-0.001858045
7/8/2015,266.2,273.6,263.2,268.6,45290,-0.00893522
7/7/2015,269.1,271.3,263.2,266.2,41610,0.010894065
7/6/2015,270.1,277.5,266.5,269.1,90580,0.003716091
7/5/2015,260.5,274.1,257.6,270.1,48450,-0.035542392
7/4/2015,255.4,261.1,253.4,260.5,32950,-0.019577735
7/3/2015,254.9,256.7,252.4,255.4,36580,-0.001957713
7/2/2015,257.6,261.3,253.1,254.9,45010,0.010592389
7/1/2015,264.1,265,254.4,257.6,66940,0.025232919
6/30/2015,257,268.7,255.4,264.1,116530,-0.026883756
6/29/2015,248.9,257.5,248,257,92640,-0.03151751
6/28/2015,250.7,251.6,246.6,248.9,39890,0.00723182
6/27/2015,242.9,251.6,241.8,250.7,54700,-0.031112884
6/26/2015,242.6,243.5,240.1,242.9,37620,-0.001235076
6/25/2015,240.6,243.6,239.3,242.6,40360,-0.008244023
6/24/2015,243.8,244.5,239.1,240.6,47110,0.013300083
6/23/2015,247.5,247.7,242.3,243.8,38430,0.015176374
6/22/2015,244.1,248.6,243.2,247.5,47590,-0.013737374
6/21/2015,245,246,240.9,244.1,25150,0.003687014
6/20/2015,244.1,246.6,238.7,245,51280,-0.003673469
6/19/2015,248.4,250.8,243.6,244.1,84700,0.017615731
6/18/2015,247.4,251.9,242.5,248.4,78140,-0.004025765
6/17/2015,249.8,258.5,245.1,247.4,121620,0.009700889
6/16/2015,237,254.1,235.7,249.8,122470,-0.051240993
6/15/2015,233.8,238.6,233.3,237,63470,-0.01350211
6/14/2015,232.5,235.5,232.1,233.8,32900,-0.005560308
6/13/2015,230.5,233.1,229,232.5,38010,-0.008602151
6/12/2015,229.9,231.6,229.3,230.5,40750,-0.002603037
6/11/2015,228.8,230.6,228.5,229.9,38000,-0.004784689
6/10/2015,229.6,230.4,227.8,228.8,41640,0.003496503
6/9/2015,228.6,231.4,227.5,229.6,54840,-0.004355401
6/8/2015,223.5,229.9,223,228.6,74150,-0.022309711
6/7/2015,224.7,226.4,222.2,223.5,40480,0.005369128
6/6/2015,225.3,225.8,223.5,224.7,22470,0.002670227
6/5/2015,224.2,226.4,222.1,225.3,56460,-0.004882379
6/4/2015,225.6,226.7,223.5,224.2,44060,0.006244425
6/3/2015,225.7,227.9,223.7,225.6,54350,0.000443262
6/2/2015,223.1,227.4,222.3,225.7,60810,-0.011519716
6/1/2015,229.8,231.8,221,223.1,87060,0.030031376
5/31/2015,233.2,234,229.1,229.8,39000,0.014795474
5/30/2015,237,237.1,231.6,233.2,41630,0.016295026
5/29/2015,237.3,237.9,235.1,237,38920,0.001265823
5/28/2015,237.3,238.4,236.2,237.3,35750,0
5/27/2015,237.8,238.9,235.9,237.3,48030,0.002107038
5/26/2015,237.4,239,235.6,237.8,37080,-0.001682086
5/25/2015,241,241.8,235.8,237.4,26390,0.01516428
5/24/2015,238.9,242.4,237.5,241,30260,-0.008713693
5/23/2015,240.4,241.7,238.1,238.9,36030,0.006278778
5/22/2015,235.4,242,234.6,240.4,74110,-0.020798669
5/21/2015,234,236.6,233.6,235.4,42940,-0.005947324
5/20/2015,232,235.2,231.5,234,49690,-0.008547009
5/19/2015,232.6,234.5,231.3,232,40940,0.002586207
5/18/2015,236.3,237.1,231.5,232.6,53140,0.015907137
5/17/2015,236.2,237.8,235.4,236.3,28430,-0.000423191
5/16/2015,237.2,237.8,234.6,236.2,27050,0.0042337
5/15/2015,236.9,238.8,235.5,237.2,46030,-0.001264755
5/14/2015,236.4,239.2,232.4,236.9,71020,-0.002110595
5/13/2015,241.6,243.9,234.1,236.4,84430,0.021996616
5/12/2015,241.8,243,239.2,241.6,40080,0.000827815
5/11/2015,240,243.9,238.9,241.8,57170,-0.007444169
5/10/2015,241.4,244.8,238.2,240,44000,0.005833333
5/9/2015,243.7,247.9,238.5,241.4,62790,0.009527755
5/8/2015,237.7,247,235.8,243.7,87500,-0.024620435
5/7/2015,230,240.3,228.3,237.7,91050,-0.032393774
5/6/2015,235.8,237.1,228.2,230,103660,0.025217391
5/5/2015,239,239.6,231.8,235.8,77870,0.013570823
5/4/2015,240,243.2,237.4,239,69120,0.0041841
5/3/2015,235.3,243.6,233.8,240,55720,-0.019583333
5/2/2015,233.2,236.4,231.7,235.3,37080,-0.008924777
5/1/2015,235.8,239.4,232.4,233.2,60140,0.011149228
4/30/2015,225.4,240,224.7,235.8,112240,-0.044105174
4/29/2015,225.8,227.2,222.3,225.4,60890,0.001774623
4/28/2015,229,229.9,222,225.8,65970,0.014171833
4/27/2015,218.7,242.6,216.6,229,123410,-0.044978166
4/26/2015,226.1,226.7,214.1,218.7,100770,0.033836305
4/25/2015,231.1,232.3,223.1,226.1,43780,0.022114109
4/24/2015,235.4,236.6,229.1,231.1,69780,0.018606664
4/23/2015,233.8,236.1,232.6,235.4,42450,-0.006796941
4/22/2015,233.7,238.4,231.8,233.8,77560,-0.000427716
4/21/2015,224.2,235.3,223.3,233.7,68350,-0.040650407
4/20/2015,223,226.7,221.6,224.2,44870,-0.005352364
4/19/2015,223.4,226.9,222,223,35500,0.001793722
4/18/2015,222.6,224.5,220.6,223.4,36540,-0.003581021
4/17/2015,228,229.3,220.6,222.6,66920,0.02425876
4/16/2015,223,229.5,222.9,228,84890,-0.021929825
4/15/2015,218,223.6,217.1,223,77230,-0.022421525
4/14/2015,223.6,224.7,214.3,218,115190,0.025688073
4/13/2015,235.9,236.8,220.4,223.6,105150,0.055008945
4/12/2015,236.5,237.5,232.3,235.9,33030,0.002543451
4/11/2015,234.7,240,233.1,236.5,51990,-0.007610994
4/10/2015,243.3,244.1,231.3,234.7,100200,0.036642522
4/9/2015,244.6,246.2,237.6,243.3,69190,0.005343198
4/8/2015,253,254.3,242.6,244.6,102650,0.034341783
4/7/2015,255,255.6,250.1,253,44790,0.007905138
4/6/2015,259.6,261.5,252.3,255,45930,0.018039216
4/5/2015,252.9,260.3,250.6,259.6,43830,-0.025808937
4/4/2015,254.5,255.2,250.3,252.9,30720,0.006326611
4/3/2015,252.6,256.5,251.3,254.5,71740,-0.007465619
4/2/2015,246.2,254.9,244.3,252.6,81370,-0.0253365
4/1/2015,244.1,247.7,239.6,246.2,67080,-0.008529651
3/31/2015,246.8,248.7,241.2,244.1,75330,0.011061041
3/30/2015,242.1,248.8,236.6,246.8,85330,-0.01904376
3/29/2015,252,252.8,238.9,242.1,77540,0.040892193
3/28/2015,247.2,254.3,246.3,252,55060,-0.019047619
3/27/2015,248,250.1,244.5,247.2,62560,0.003236246
3/26/2015,246.4,254.7,243.5,248,89470,-0.006451613
3/25/2015,246.7,249.2,234.8,246.4,131440,0.001217532
3/24/2015,265.5,267,242.7,246.7,151090,0.076205918
3/23/2015,268.6,271,259.4,265.5,81450,0.011676083
3/22/2015,259.7,270.4,259,268.6,56630,-0.033134773
3/21/2015,261.8,263.3,254,259.7,51650,0.008086253
3/20/2015,260.9,264.7,257.9,261.8,52830,-0.003437739
3/19/2015,255.9,264.8,247,260.9,180690,-0.019164431
3/18/2015,285.4,285.6,248.2,255.9,206740,0.115279406
3/17/2015,290.4,292.5,283.3,285.4,65010,0.017519271
3/16/2015,284.9,294,284.8,290.4,66340,-0.018939394
3/15/2015,281.6,286.4,280.4,284.9,39460,-0.011583012
3/14/2015,287.2,288.4,279.3,281.6,75720,0.019886364
3/13/2015,293.9,294.9,286.1,287.2,97340,0.023328691
3/12/2015,295.6,297,290.8,293.9,107320,0.00578428
3/11/2015,291.4,297.7,288.9,295.6,79980,-0.01420839
3/10/2015,290,301,288.1,291.4,158180,-0.004804393
3/9/2015,274.5,293.3,273.8,290,151770,-0.053448276
3/8/2015,274.9,278.8,271.3,274.5,50400,0.001457195
3/7/2015,272.6,278.3,269.4,274.9,60720,-0.008366679
3/6/2015,275.2,278,269,272.6,98800,0.009537784
3/5/2015,271.9,280.8,262.8,275.2,123640,-0.011991279
3/4/2015,280.6,284.5,265.9,271.9,139000,0.031997058
3/3/2015,273.8,287.1,266.1,280.6,164820,-0.024233785
3/2/2015,257.9,274.8,256.1,273.8,81090,-0.058071585
3/1/2015,254.1,260.6,244.8,257.9,51330,-0.014734393
2/28/2015,253.5,255.4,248.7,254.1,39410,-0.002361275
2/27/2015,236.5,258.7,235.7,253.5,167810,-0.067061144
2/26/2015,237.3,238.2,233.5,236.5,50870,0.003382664
2/25/2015,238.9,239.6,234.6,237.3,38100,0.00674252
2/24/2015,238.8,240.3,235.5,238.9,45030,-0.000418585
2/23/2015,235.7,240.1,231.3,238.8,62670,-0.012981575
2/22/2015,244.4,246.5,232.7,235.7,75700,0.036911328
2/21/2015,244.5,247.3,242.6,244.4,42950,0.000409165
2/20/2015,241.9,247.8,238.8,244.5,83590,-0.010633947
2/19/2015,235.2,244.1,234.9,241.9,66050,-0.027697396
2/18/2015,243.2,245.5,231.7,235.2,99660,0.034013605
2/17/2015,235.8,247.2,232,243.2,116260,-0.030427632
2/16/2015,233.3,240,228,235.8,115470,-0.010602205
2/15/2015,258.6,264.6,226.6,233.3,179140,0.108444063
2/14/2015,236.2,261.3,235.4,258.6,133800,-0.086620263
2/13/2015,221.8,241.6,220.6,236.2,112250,-0.060965284
2/12/2015,218.8,223,217.3,221.8,50110,-0.013525699
2/11/2015,219.7,223.5,217.3,218.8,71730,0.004113346
2/10/2015,220.3,222.2,214.4,219.7,86150,0.002730997
2/9/2015,223.7,225,215.7,220.3,91690,0.0154335
2/8/2015,227.7,230.2,219.5,223.7,29050,0.017881091
2/7/2015,223,231,222.4,227.7,39760,-0.020641195
2/6/2015,216.5,226.2,215.6,223,52520,-0.029147982
2/5/2015,226.6,229.9,214.4,216.5,40640,0.04665127
2/4/2015,227.4,230.7,220.2,226.6,55240,0.00353045
2/3/2015,238.9,247.5,223.9,227.4,63080,0.05057168
2/2/2015,225.3,242.5,220.5,238.9,39020,-0.056927585
2/1/2015,218.5,231.4,209.7,225.3,41160,-0.03018198
1/31/2015,231.8,235.4,216.5,218.5,42150,0.060869565
1/30/2015,234,244.8,227.2,231.8,48230,0.00949094
1/29/2015,236.2,241.5,220.4,234,54490,0.009401709
1/28/2015,263.3,267.7,228.1,236.2,63770,0.114733277
1/27/2015,269.2,276.9,247.3,263.3,50260,0.0224079
1/26/2015,252.1,310.9,251.5,269.2,105710,-0.063521545
1/25/2015,248.2,256.4,241.4,252.1,50190,-0.015470052
1/24/2015,232.2,248.9,229.6,248.2,33240,-0.064464142
1/23/2015,232.7,237,224.8,232.2,38170,0.002153316
1/22/2015,228.2,238.8,225.6,232.7,53710,-0.019338204
1/21/2015,210.6,229.3,207.1,228.2,43180,-0.077125329
1/20/2015,215.9,216.6,203.4,210.6,37480,0.025166192
1/19/2015,210.6,219.5,205.5,215.9,31580,-0.024548402
1/18/2015,199.6,220.7,192.5,210.6,40370,-0.052231719
1/17/2015,206.9,212.6,191.7,199.6,43130,0.036573146
1/16/2015,209.8,222.6,198.7,206.9,62320,0.014016433
1/15/2015,164.9,231.3,164.6,209.8,124670,-0.214013346
1/14/2015,221.3,230.9,157.3,164.9,170680,0.34202547
1/13/2015,269.3,269.1,217.1,221.3,95500,0.216900136
1/12/2015,264.8,273.1,263.3,269.3,25390,-0.016709989
1/11/2015,273.4,278,263.8,264.8,15110,0.032477341
1/10/2015,288,289.3,272,273.4,14730,0.053401609
1/9/2015,282.7,290.6,277.3,288,20930,-0.018402778
1/8/2015,291.3,292.7,279,282.7,20180,0.030420941
1/7/2015,282.3,296.1,280.7,291.3,30670,-0.030895984
1/6/2015,274.8,285.1,271.5,282.3,21940,-0.026567481
1/5/2015,264.7,278.3,262.9,274.8,54990,-0.036754003
1/4/2015,287.1,289.9,255.9,264.7,88770,0.084624103
1/3/2015,315.2,315.8,284.9,287.1,47370,0.097875305
1/2/2015,314.9,316.4,313.1,315.2,14730,-0.000951777
1/1/2015,318.2,321.4,313.5,314.9,12820,0.010479517
12/31/2014,311.3,319.1,308.9,318.2,20500,-0.021684475
12/30/2014,314.1,316.2,309.3,311.3,22780,0.008994539
12/29/2014,316.5,321.6,308.3,314.1,20360,0.007640879
12/28/2014,315.3,322.8,310.5,316.5,20410,-0.003791469
12/27/2014,330,330.7,312,315.3,21630,0.046622265
12/26/2014,319,332.9,316.4,330,23010,-0.033333333
12/25/2014,322.4,323.4,316.3,319,15390,0.010658307
12/24/2014,335.3,336.3,320.6,322.4,21520,0.040012407
12/23/2014,330.8,339.3,328,335.3,24070,-0.013420817
12/22/2014,322.6,335.3,319.9,330.8,35360,-0.024788392
12/21/2014,330.4,332,320.1,322.6,20670,0.024178549
12/20/2014,317.8,332.6,316,330.4,29920,-0.038135593
12/19/2014,310.3,320.2,306.4,317.8,41710,-0.023599748
12/18/2014,320,325.6,303.4,310.3,60520,0.031260071
12/17/2014,330.2,335.7,314.3,320,61340,0.031875
12/16/2014,345.4,346.5,328.9,330.2,38590,0.046032707
12/15/2014,349.4,351.2,343.6,345.4,22160,0.011580776
12/14/2014,348.2,351.6,344.6,349.4,12340,-0.003434459
12/13/2014,353.4,353.1,343.8,348.2,19540,0.014933946
12/12/2014,347.7,356.4,346,353.4,26850,-0.016129032
12/11/2014,347.9,367.1,337.8,347.7,51080,0.000575209
12/10/2014,352.2,354.1,345.1,347.9,27130,0.012359874
12/9/2014,365,365.4,343.8,352.2,43830,0.036342987
12/8/2014,376.5,377.4,364.6,365,22920,0.031506849
12/7/2014,376.3,377.9,372.5,376.5,8810,-0.000531208
12/6/2014,377.6,380.3,372,376.3,11070,0.00345469
12/5/2014,369.8,379.7,366.4,377.6,29990,-0.02065678
12/4/2014,377,380.4,366.2,369.8,25330,0.019469984
12/3/2014,380.6,384.7,373.6,377,23510,0.009549072
12/2/2014,378.6,384.9,375.4,380.6,25290,-0.005254861
12/1/2014,374.9,383.6,373,378.6,19670,-0.009772847
11/30/2014,376.3,381.1,372.6,374.9,11290,0.003734329
11/29/2014,377.6,389.3,372.2,376.3,83450,0.00345469
11/28/2014,368.8,383.3,358.4,377.6,43020,-0.023305085
11/27/2014,365.4,374.4,364.8,368.8,13850,-0.009219089
11/26/2014,376.4,378.3,364,365.4,23980,0.030103996
11/25/2014,378.9,395.7,370.6,376.4,45320,0.00664187
11/24/2014,365.9,388.7,361.9,378.9,24570,-0.034309844
11/23/2014,352,370.6,352.6,365.9,12410,-0.037988521
11/22/2014,351.8,364.2,350.5,352,12940,-0.000568182
11/21/2014,357.3,358.7,343.8,351.8,23470,0.015633883
11/20/2014,381.4,383,355.1,357.3,21980,0.067450322
11/19/2014,379.2,389.3,374.3,381.4,19870,-0.005768222
11/18/2014,384.7,394.9,372,379.2,27090,0.014504219
11/17/2014,385.6,412.3,378.3,384.7,27600,0.002339485
11/16/2014,374.9,390.4,370.5,385.6,14350,-0.027748963
11/15/2014,396.5,407.3,368,374.9,13330,0.057615364
11/14/2014,428.7,430.2,382,396.5,35730,0.081210593
11/13/2014,432,480.5,390.9,428.7,58200,0.007697691
11/12/2014,365.4,442.7,365.8,432,38530,-0.154166667
11/11/2014,367.1,371,361.9,365.4,15790,0.004652436
11/10/2014,362,374.7,356.6,367.1,22810,-0.013892672
11/9/2014,343.5,362.2,341.8,362,12630,-0.051104972
11/8/2014,341.9,346.3,339.8,343.5,8190,-0.004657933
11/7/2014,347.7,351.6,340.2,341.9,15020,0.016964025
11/6/2014,338,351.1,335.7,347.7,15650,-0.027897613
11/5/2014,328,342,326.5,338,15840,-0.029585799
11/4/2014,324.2,328.8,320.1,328,15120,-0.011585366
11/3/2014,322.5,332.9,321.7,324.2,13430,-0.005243677
11/2/2014,325.4,329.8,319.8,322.5,11900,0.008992248
11/1/2014,337.9,339,320.7,325.4,13770,0.038414259
10/31/2014,344.9,348,336.1,337.9,14000,0.020716188
10/30/2014,335.1,350.4,333.4,344.9,16120,-0.028414033
10/29/2014,351.1,352.8,334.7,335.1,12260,0.047746941
10/28/2014,350.1,355.7,348.3,351.1,9430,-0.002848191
10/27/2014,348.7,356.4,344.9,350.1,10600,-0.003998857
10/26/2014,346.7,356.8,344.2,348.7,11580,-0.005735589
10/25/2014,355.1,356.6,341.5,346.7,14040,0.02422844
10/24/2014,355.8,360.9,351.4,355.1,20030,0.001971276
10/23/2014,378.9,381.1,353.5,355.8,19120,0.064924115
10/22/2014,382.4,383.7,377,378.9,10530,0.009237266
10/21/2014,380.4,388.2,377.4,382.4,9660,-0.005230126
10/20/2014,387.3,387.8,378.4,380.4,10560,0.018138801
10/19/2014,390.9,394.5,383.9,387.3,5330,0.00929512
10/18/2014,380.5,395.7,373.6,390.9,9450,-0.02660527
10/17/2014,379.8,384.8,372.4,380.5,16570,-0.001839685
10/16/2014,393.2,398.8,371.6,379.8,20790,0.035281727
10/15/2014,397.1,397.9,388.2,393.2,22490,0.009918616
10/14/2014,387.3,407.7,385.7,397.1,28870,-0.024678922
10/13/2014,373.2,391.2,366,387.3,23580,-0.036405887
10/12/2014,361.2,374.6,352.3,373.2,11230,-0.032154341
10/11/2014,361.7,370.1,350.5,361.2,13930,0.001384275
10/10/2014,360.9,378.1,353.3,361.7,28410,-0.002211778
10/9/2014,350.9,384.6,347.6,360.9,35590,-0.027708507
10/8/2014,331.6,351.6,325.4,350.9,21770,-0.055001425
10/7/2014,331.5,345.5,321.7,331.6,30170,-0.000301568
10/6/2014,322.9,347.9,303,331.5,41170,-0.025942685
10/5/2014,335.3,344.3,294.9,322.9,29850,0.038401982
10/4/2014,363.5,369.9,327.1,335.3,23040,0.084103788
10/3/2014,375.1,378.2,362.8,363.5,16810,0.031911967
10/2/2014,382.8,385.6,371.2,375.1,14300,0.020527859
10/1/2014,388.2,395.1,381.1,382.8,17730,0.014106583
9/30/2014,376.8,395.2,374.7,388.2,16920,-0.029366306
9/29/2014,379.1,389.3,372.6,376.8,20690,0.006104034
9/28/2014,399,402.3,374.1,379.1,13940,0.052492746
9/27/2014,404.5,407.1,394.7,399,9740,0.013784461
9/26/2014,412.3,416.4,399.7,404.5,12120,0.019283066
9/25/2014,423.8,427.5,409.6,412.3,14630,0.027892311
9/24/2014,436.9,439.2,422.1,423.8,21370,0.030910807
9/23/2014,404.1,445.5,394.8,436.9,17940,-0.075074388
9/22/2014,401.6,410.8,398.6,404.1,13520,-0.006186587
9/21/2014,411.5,415.1,394.5,401.6,10420,0.024651394
9/20/2014,397.7,427.7,387.5,411.5,14290,-0.033535844
9/19/2014,424.3,429.2,386.1,397.7,14970,0.066884586
9/18/2014,461.1,462.3,408.8,424.3,8930,0.086731086
9/17/2014,466.8,469.4,458.3,461.1,7510,0.012361744
9/16/2014,477.7,478.8,464,466.8,6520,0.023350471
9/15/2014,477.7,479.3,473.7,477.7,5630,0
9/14/2014,478.2,480.3,472,477.7,4210,0.001046682
9/13/2014,477.7,480.6,474.6,478.2,5280,-0.001045588
9/12/2014,478.5,479.7,471.1,477.7,5150,0.001674691
9/11/2014,479.7,488.9,474.6,478.5,6290,0.002507837
9/10/2014,474.9,491,471.6,479.7,8290,-0.010006254
9/9/2014,475.7,478.6,467.5,474.9,7290,0.001684565
9/8/2014,485.8,487,469.5,475.7,8140,0.021231869
9/7/2014,484.5,490.7,478.5,485.8,3560,-0.002675998
9/6/2014,483.6,491.4,480.8,484.5,3790,-0.001857585
9/5/2014,491,495,483.1,483.6,6040,0.015301902
9/4/2014,480,498.5,476.3,491,8810,-0.022403259
9/3/2014,478.9,487.3,476.8,480,6140,-0.002291667
9/2/2014,477.2,487,470.5,478.9,6750,-0.003549802
9/1/2014,481.8,487.5,471.8,477.2,6790,0.009639564
8/31/2014,506,508.3,478.3,481.8,6100,0.050228311
8/30/2014,512.6,512.9,503.1,506,2630,0.013043478
8/29/2014,510.8,515.2,506.7,512.6,3640,-0.00351151
8/28/2014,515.2,521.6,503.3,510.8,4470,0.008613939
8/27/2014,512.6,527.4,512.7,515.2,3790,-0.005046584
8/26/2014,502.9,516,501.8,512.6,3530,-0.018923137
8/25/2014,509.7,511.3,499.7,502.9,2740,0.013521575
8/24/2014,497.7,514.8,496.8,509.7,2530,-0.023543261
8/23/2014,516.1,516.8,494,497.7,3130,0.036970062
8/22/2014,517.9,524.4,500.6,516.1,6030,0.003487696
8/21/2014,516.8,537.2,511.4,517.9,5650,-0.002123962
8/20/2014,485.1,521.8,468.5,516.8,5890,-0.061339009
8/19/2014,462.2,487,455.8,485.1,5120,-0.047206761
8/18/2014,485.5,493.3,450,462.2,6380,0.050411077
8/17/2014,522,524.7,478.2,485.5,3140,0.075180227
8/16/2014,496.5,524.3,483.2,522,3870,-0.048850575
8/15/2014,504.8,515.2,483.2,496.5,4770,0.016717019
8/14/2014,542.1,544.9,495.9,504.8,10880,0.07389065
8/13/2014,567.7,573.5,523.2,542.1,4820,0.047223759
8/12/2014,575.9,578.3,562,567.7,3330,0.014444249
8/11/2014,592.1,593.6,571.7,575.9,2570,0.028129884
8/10/2014,589.5,596.6,588.1,592.1,1340,-0.00439115
8/9/2014,595.8,595.6,587.4,589.5,1420,0.010687023
8/8/2014,592.8,608.2,592.1,595.8,3110,-0.005035247
8/7/2014,589.8,595.1,587.9,592.8,2500,-0.005060729
8/6/2014,588.8,593.8,587.2,589.8,3010,-0.00169549
8/5/2014,592.8,594.3,585.4,588.8,4090,0.006793478
8/4/2014,588.9,595.1,586.5,592.8,3420,-0.006578947
8/3/2014,591.7,592.1,580.6,588.9,1260,0.004754627
8/2/2014,598.8,598.9,587.4,591.7,2120,0.011999324
8/1/2014,589.5,604,586.4,598.8,8930,-0.015531062
7/31/2014,564.6,593.7,564,589.5,3520,-0.042239186
7/30/2014,585.8,586.1,564.2,564.6,4100,0.037548707
7/29/2014,587.9,591.3,579.5,585.8,6720,0.003584841
7/28/2014,595,597.5,578.1,587.9,2330,0.012076884
7/27/2014,596,601.5,593.7,595,3530,0.001680672
7/26/2014,600.5,603,593.3,596,3480,0.007550336
7/25/2014,601.9,609.1,597.4,600.5,5920,0.002331391
7/24/2014,621.7,622,599.4,601.9,4740,0.03289583
7/23/2014,622.5,625,621,621.7,2170,0.001286794
7/22/2014,625.1,628.8,620,622.5,3280,0.004176707
7/21/2014,621,625.9,615,625.1,2530,-0.006558951
7/20/2014,627,627.9,620,621,2300,0.009661836
7/19/2014,627.5,634.1,625.1,627,3960,0.000797448
7/18/2014,626.6,630.2,617.9,627.5,3350,-0.001434263
7/17/2014,614.8,632.5,610,626.6,2920,-0.018831791
7/16/2014,619.6,622.4,614.2,614.8,3000,0.007807417
7/15/2014,618.3,624.4,617.3,619.6,3690,-0.002098128
7/14/2014,628,629,616.1,618.3,2550,0.015688177
7/13/2014,635.9,638.6,627.5,628,1700,0.012579618
7/12/2014,632.9,638.6,625.9,635.9,3430,-0.004717723
7/11/2014,618.4,633.6,616.1,632.9,3120,-0.022910412
7/10/2014,623,625,611.7,618.4,3610,0.007438551
7/9/2014,615.3,623.8,610.5,623,3070,-0.012359551
7/8/2014,613.6,619.7,609.3,615.3,3210,-0.00276288
7/7/2014,626.7,627.9,607.3,613.6,2530,0.021349413
7/6/2014,623,629.4,622.7,626.7,2700,-0.005903941
7/5/2014,624,627.8,619.7,623,3250,0.001605136
7/4/2014,638,642.2,623,624,3600,0.022435897
7/3/2014,645.7,646.4,633.6,638,4010,0.012068966
7/2/2014,643.2,652.1,604.6,645.7,4780,-0.003871767
7/1/2014,635.1,652.5,634.1,643.2,4110,-0.012593284
6/30/2014,601.1,637.3,596.5,635.1,3830,-0.053534876
6/29/2014,597.6,604.3,593.2,601.1,2890,-0.005822658
6/28/2014,602.2,608.8,594,597.6,2940,0.007697456
6/27/2014,582.7,603.9,580.1,602.2,3390,-0.032381269
6/26/2014,568.5,582.7,565.8,582.7,4150,-0.024369315
6/25/2014,588.8,589.6,566.9,568.5,3090,0.035708004
6/24/2014,591.2,595.7,585.4,588.8,3080,0.004076087
6/23/2014,603.6,604.7,582.9,591.2,2650,0.02097429
6/22/2014,597,610.1,592,603.6,2040,-0.010934394
6/21/2014,590.8,599.2,584.8,597,2280,-0.01038526
6/20/2014,600.2,602,587.1,590.8,2150,0.01591063
6/19/2014,606.2,612.6,598.7,600.2,5600,0.009996668
6/18/2014,605.1,614.4,603.6,606.2,3310,-0.001814583
6/17/2014,599.1,608.4,594.9,605.1,3000,-0.009915716
6/16/2014,582.3,606.1,580.5,599.1,3990,-0.028042063
6/15/2014,583.4,587.8,560.8,582.3,3940,0.001889061
6/14/2014,610.3,613.8,563.7,583.4,5000,0.046109016
6/13/2014,597.1,619.1,594.9,610.3,7550,-0.021628707
6/12/2014,643,643.8,591.1,597.1,4590,0.076871546
6/11/2014,655.6,663,642.3,643,3800,0.019595645
6/10/2014,644.3,661.4,641.7,655.6,3560,-0.01723612
6/9/2014,651,652.1,639.1,644.3,3260,0.010398883
6/8/2014,651.7,658.9,648.7,651,3310,0.001075269
6/7/2014,650.4,659.8,641,651.7,1970,-0.001994783
6/6/2014,660.2,663.8,647.1,650.4,6040,0.015067651
6/5/2014,638.9,665.4,635.6,660.2,2760,-0.032262951
6/4/2014,669.4,669.8,602.1,638.9,5600,0.0477383
6/3/2014,655.5,676.5,631.4,669.4,4360,-0.020764864
6/2/2014,649.8,662.6,625.5,655.5,4130,-0.008695652
6/1/2014,627.9,675,622,649.8,3550,-0.033702678
5/31/2014,612.3,629,604.7,627.9,4410,-0.02484472
5/30/2014,564.4,613.3,564,612.3,6210,-0.078229626
5/29/2014,570.8,573.8,557.7,564.4,3730,0.011339476
5/28/2014,570.1,581.8,562.6,570.8,3570,-0.001226349
5/27/2014,582,586.2,555.3,570.1,3350,0.020873531
5/26/2014,570.4,586.4,564.7,582,2960,-0.019931271
5/25/2014,520.5,575.2,520.5,570.4,1870,-0.087482468
5/24/2014,518.1,526.7,510.4,520.5,2860,-0.004610951
5/23/2014,515.4,540.9,515.2,518.1,2760,-0.005211349
5/22/2014,488.8,519.3,485.5,515.4,3120,-0.0516104
5/21/2014,484.6,495.2,481.7,488.8,1400,-0.008592471
5/20/2014,443.9,486.2,437.3,484.6,1900,-0.083986793
5/19/2014,450.1,451.7,441.2,443.9,1350,0.01396711
5/18/2014,452.8,454,449,450.1,1450,0.005998667
5/17/2014,453.6,455.9,452.2,452.8,1710,0.001766784
5/16/2014,448.1,455.1,441.9,453.6,1760,-0.01212522
5/15/2014,442.6,450,441.5,448.1,2170,-0.012274046
5/14/2014,433.9,444.3,433.9,442.6,2200,-0.019656575
5/13/2014,438.2,442.3,432.7,433.9,2650,0.009910118
5/12/2014,433.2,441.1,430.2,438.2,1390,-0.011410315
5/11/2014,451.9,455.4,429,433.2,1890,0.043167128
5/10/2014,445.5,459.5,441.4,451.9,450,-0.014162425
5/9/2014,441.1,455.8,438.5,445.5,2270,-0.009876543
5/8/2014,446.5,455.5,439.5,441.1,2540,0.012242122
5/7/2014,432.2,458.8,423.5,446.5,5030,-0.032026876
5/6/2014,430.9,435,420.2,432.2,4190,-0.003007867
5/5/2014,436,443.9,426.4,430.9,3040,0.011835693
5/4/2014,438.6,446.6,428.8,436,3370,0.005963303
5/3/2014,453.7,454.2,429.1,438.6,2580,0.034427725
5/2/2014,460.1,463.4,442,453.7,3380,0.014106238
5/1/2014,445.6,464.5,444.5,460.1,4200,-0.031514888
4/30/2014,446.1,452.6,430.9,445.6,4080,0.001122083
4/29/2014,441.9,453.8,430.7,446.1,3720,-0.009414929
4/28/2014,443.2,451.1,420.8,441.9,4540,0.002941842
4/27/2014,457.9,461.4,437.4,443.2,6960,0.03316787
4/26/2014,464.5,468.7,448.6,457.9,6890,0.014413627
4/25/2014,500.3,502.5,438.3,464.5,6450,0.077072121
4/24/2014,487.3,507.3,477.2,500.3,4230,-0.025984409
4/23/2014,487.9,510,482.3,487.3,4740,0.001231274
4/22/2014,495.2,520.5,483.4,487.9,5680,0.014962082
4/21/2014,498.5,524.7,490.7,495.2,7350,0.006663974
4/20/2014,506,522.2,488.7,498.5,7690,0.015045135
4/19/2014,485.5,516.9,473.2,506,8380,-0.040513834
4/18/2014,502,512.2,472,485.5,8360,0.033985582
4/17/2014,537,537,486.9,502,8000,0.069721116
4/16/2014,526.4,549,496.1,537,8060,-0.019739292
4/15/2014,478.4,526.6,466.4,526.4,8000,-0.09118541
4/14/2014,427.6,497.8,420.1,478.4,7620,-0.106187291
4/13/2014,437.6,454.1,409.9,427.6,4970,0.023386342
4/12/2014,435.1,469.8,428,437.6,5190,-0.00571298
4/11/2014,384.6,450.4,355.7,435.1,5160,-0.116065272
4/10/2014,457.3,463.5,384.6,384.6,3650,0.189027561
4/9/2014,466.6,479.7,451.1,457.3,3880,0.020336759
4/8/2014,462.4,480.7,457.6,466.6,3910,-0.009001286
4/7/2014,455.7,485.1,448,462.4,3950,-0.014489619
4/6/2014,456.6,472.4,446.3,455.7,3590,0.001974984
4/5/2014,444.4,461.2,439.4,456.6,1160,-0.026719229
4/4/2014,436.3,456.5,415.5,444.4,2570,-0.018226823
4/3/2014,424.4,448.7,386.7,436.3,4020,-0.027274811
4/2/2014,463.5,480.3,409.3,424.4,4380,0.092130066
4/1/2014,444.7,487.4,438,463.5,3970,-0.040560949
3/31/2014,446.9,473.4,422.5,444.7,4150,0.004947155
3/30/2014,477.1,479,424,446.9,3860,0.067576639
3/29/2014,482.6,494.3,473.8,477.1,4290,0.011527982
3/28/2014,460.5,515,453.8,482.6,4110,-0.045793618
3/27/2014,562.5,567.8,460.5,460.5,3780,0.221498371
3/26/2014,562.9,575.4,546.3,562.5,3710,0.000711111
3/25/2014,567.6,569.7,550.4,562.9,3870,0.008349618
3/24/2014,551.2,572.5,531.3,567.6,3670,-0.028893587
3/23/2014,564.3,564.3,538.6,551.2,4130,0.023766328
3/22/2014,549.6,570,537.2,564.3,3770,-0.026049973
3/21/2014,566,587.4,540.2,549.6,3820,0.029839884
3/20/2014,595,598.4,560.3,566,4240,0.051236749
3/19/2014,598.9,607.1,590.1,595,3580,0.006554622
3/18/2014,606.4,611.7,585.7,598.9,3650,0.012522959
3/17/2014,619.1,622.5,602.7,606.4,3580,0.020943272
3/16/2014,624,627.3,613.2,619.1,3300,0.007914715
3/15/2014,614,628.8,609.2,624,3460,-0.016025641
3/14/2014,625,631.2,610.6,614,4000,0.017915309
3/13/2014,619.4,636.1,616.1,625,3410,-0.00896
3/12/2014,608.7,640.8,608.2,619.4,3200,-0.017274782
3/11/2014,613,619.7,599.9,608.7,2430,0.007064235
3/10/2014,627,633.7,594.7,613,2630,0.022838499
3/9/2014,609.2,637.6,598.5,627,1950,-0.028389155
3/8/2014,616.7,625.7,588.6,609.2,2170,0.012311228
3/7/2014,648.3,655.2,600.3,616.7,2340,0.051240473
3/6/2014,658.3,661.8,636.2,648.3,2070,0.015424958
3/5/2014,661.8,666,636.8,658.3,1260,0.005316725
3/4/2014,662.2,686.2,645.2,661.8,1370,0.000604412
3/3/2014,544.6,695.4,545.4,662.2,1260,-0.177589852
3/2/2014,557.4,562.9,541.5,544.6,830,0.023503489
3/1/2014,573.9,564.1,262.8,557.4,400,0.029601722
2/28/2014,596.5,599,570,573.9,510,0.039379683
2/27/2014,593.1,629.9,580.5,596.5,500,-0.005699916
2/26/2014,135.8,650,522.8,593.1,600,-0.771033553
2/25/2014,174,174.6,102.3,135.8,30430,0.281296024
2/24/2014,310.2,316.9,131.9,174,95120,0.782758621
2/23/2014,255.6,349.1,220.3,310.2,38550,-0.176015474
2/22/2014,111.6,290.6,96.7,255.6,72170,-0.563380282
2/21/2014,111.9,160.1,91.7,111.6,82590,0.002688172
2/20/2014,261.5,271.6,109.2,111.9,102180,1.336907954
2/19/2014,294,308.6,257.2,261.5,31500,0.124282983
2/18/2014,272.3,370.1,248.3,294,48880,-0.073809524
2/17/2014,299.8,411.2,263.4,272.3,51440,0.100991553
2/16/2014,371.1,540,220.4,299.8,86180,0.237825217
2/15/2014,427.7,447.9,310.1,371.1,50620,0.152519537
2/14/2014,451.4,500,302.2,427.7,65820,0.055412672
2/13/2014,531.1,549.2,451.3,451.4,28940,0.176561808
2/12/2014,579,585.1,511.9,531.1,21300,0.090190171
2/11/2014,582.6,609.7,550.2,579,16730,0.006217617
2/10/2014,659.6,700,500,582.6,40130,0.132166152
2/9/2014,648.8,694.1,622.5,659.6,19890,-0.01637356
2/8/2014,695.7,719.3,632.1,648.8,22880,0.0722873
2/7/2014,828.9,833.1,651.7,695.7,49910,0.191461837
2/6/2014,904.5,908.8,800.9,828.9,18600,0.091205212
2/5/2014,926.6,939.8,890,904.5,7560,0.024433389
2/4/2014,931.7,949.1,900.8,926.6,4610,0.005503993
2/3/2014,953.3,959.6,931.7,931.7,2790,0.023183428
2/2/2014,940.4,959.4,934.4,953.3,1580,-0.013531942
2/1/2014,938.8,969.2,927.8,940.4,4370,-0.001701404
1/31/2014,941.4,954.7,924.6,938.8,4310,0.002769493
1/30/2014,925.7,953.2,909.5,941.4,5430,-0.016677289
1/29/2014,932.7,950.6,918.9,925.7,5680,0.007561845
1/28/2014,943.5,972.6,911.7,932.7,10410,0.011579286
1/27/2014,1007,1021.5,937.2,943.5,8330,0.067302597
1/26/2014,961,1038.1,950.7,1007,13070,-0.045680238
1/25/2014,916.5,978.4,915.9,961,8180,-0.046305931
1/24/2014,944.2,949.5,902.9,916.5,6200,0.030223677
1/23/2014,951,958.1,936.3,944.2,1970,0.007201864
1/22/2014,962.2,973.9,935,951,4780,0.011777077
1/21/2014,956,974.3,943.2,962.2,6590,-0.006443567
1/20/2014,954.8,980.5,926,956,10410,-0.00125523
1/19/2014,905.7,958.1,901.9,954.8,7570,-0.051424382
1/18/2014,894.2,924.7,884.7,905.7,6040,-0.012697361
1/17/2014,913.5,929.8,867.2,894.2,10310,0.021583538
1/16/2014,941.2,955.5,910.5,913.5,5100,0.030322934
1/15/2014,919.3,973.1,915.1,941.2,6830,-0.023268168
1/14/2014,922.9,942.5,904.2,919.3,4310,0.003916023
1/13/2014,939.8,949.2,879.9,922.9,10130,0.018311843
1/12/2014,1005.3,1022.7,922.1,939.8,9930,0.06969568
1/11/2014,957.8,1010.8,935,1005.3,11180,-0.047249577
1/10/2014,937,964.8,905.9,957.8,6350,-0.021716433
1/9/2014,938.8,964.6,866.5,937,14420,0.001921025
1/8/2014,879.9,966.9,858.9,938.8,14100,-0.062739668
1/7/2014,1012.7,1044,879.8,879.9,22670,0.150926242
1/6/2014,1014.7,1093.4,964.7,1012.7,23080,0.001974919
1/5/2014,924.7,1029.9,911.4,1014.7,21370,-0.088696166
1/4/2014,884.3,932.2,848.3,924.7,14240,-0.043689845
1/3/2014,856.9,888.2,839.4,884.3,9710,-0.03098496
1/2/2014,815.9,886.2,810.5,856.9,12810,-0.04784689
1/1/2014,805.9,829.9,771,815.9,10760,-0.012256404
12/31/2013,804.8,813.9,777,805.9,9170,-0.001364934
12/30/2013,785,818.8,781,804.8,10480,-0.024602386
12/29/2013,762,804,735,785,7040,-0.029299363
12/28/2013,803,806,715.6,762,13340,0.053805774
12/27/2013,802,836.8,767.9,803,13890,-0.00124533
12/26/2013,707.3,829.6,707.2,802,23530,-0.1180798
12/25/2013,702.8,710,673.9,707.3,5340,-0.006362223
12/24/2013,713.2,729.9,666,702.8,10950,0.014797951
12/23/2013,639.5,724.9,631,713.2,15070,-0.103337072
12/22/2013,640.5,699.9,615,639.5,11630,0.001563722
12/21/2013,650,690,610,640.5,14730,0.014832162
12/20/2013,732,774.4,621.3,650,34770,0.126153846
12/19/2013,541,746,522.4,732,45760,-0.260928962
12/18/2013,715,717,454.9,541,110500,0.321626617
12/17/2013,759.9,780,678.9,715,31710,0.062797203
12/16/2013,919.9,924.9,714,759.9,41330,0.21055402
12/15/2013,908.9,927.9,838,919.9,15170,-0.011957822
12/14/2013,936.8,947.9,875.1,908.9,11590,0.030696446
12/13/2013,900,989.9,882.1,936.8,17370,-0.039282664
12/12/2013,919.9,941,839.5,900,9910,0.022111111
12/11/2013,1033.7,1056.8,856.1,919.9,24360,0.123709099
12/10/2013,919,1067.7,912,1033.7,22100,-1
